k,p,simulation,model,TrueParam,iter
1,1.7802718715482816e-66,Sinusoidal,EpiEstim,25,1
2,0.9888077700016795,Sinusoidal,EpiEstim,25,1
3,0.011191490582148375,Sinusoidal,EpiEstim,25,1
4,7.394161715383329e-7,Sinusoidal,EpiEstim,25,1
5,5.807473520115423e-16,Sinusoidal,EpiEstim,25,1
6,6.022249362487776e-25,Sinusoidal,EpiEstim,25,1
7,1.70012560051229e-34,Sinusoidal,EpiEstim,25,1
8,7.351584428265058e-44,Sinusoidal,EpiEstim,25,1
9,1.8511462928816088e-52,Sinusoidal,EpiEstim,25,1
10,2.671633870733008e-60,Sinusoidal,EpiEstim,25,1
11,6.048418666964427e-68,Sinusoidal,EpiEstim,25,1
12,2.2800163298535813e-73,Sinusoidal,EpiEstim,25,1
13,4.123537218496096e-76,Sinusoidal,EpiEstim,25,1
14,8.5358860286200245e-78,Sinusoidal,EpiEstim,25,1
15,9.019642212458176e-78,Sinusoidal,EpiEstim,25,1
16,7.814122246837601e-76,Sinusoidal,EpiEstim,25,1
17,8.088063155836338e-73,Sinusoidal,EpiEstim,25,1
18,1.5114141769481209e-68,Sinusoidal,EpiEstim,25,1
19,8.345880568038396e-64,Sinusoidal,EpiEstim,25,1
20,1.415789053949768e-58,Sinusoidal,EpiEstim,25,1
21,9.779265279771358e-54,Sinusoidal,EpiEstim,25,1
22,2.3283973140897828e-49,Sinusoidal,EpiEstim,25,1
23,1.5863483749759127e-45,Sinusoidal,EpiEstim,25,1
24,8.351917118838917e-43,Sinusoidal,EpiEstim,25,1
25,4.532478033002142e-41,Sinusoidal,EpiEstim,25,1
26,1.172600672540834e-40,Sinusoidal,EpiEstim,25,1
27,5.712809009576763e-41,Sinusoidal,EpiEstim,25,1
28,2.633792404377115e-42,Sinusoidal,EpiEstim,25,1
29,2.9319573004729954e-44,Sinusoidal,EpiEstim,25,1
30,2.0902537453298516e-46,Sinusoidal,EpiEstim,25,1
1,2.960097268319149e-75,Sinusoidal,EpiEstim,50,1
2,0.9999477933981934,Sinusoidal,EpiEstim,50,1
3,5.220660180655472e-5,Sinusoidal,EpiEstim,50,1
4,6.596694495413948e-19,Sinusoidal,EpiEstim,50,1
5,3.6834408933230795e-35,Sinusoidal,EpiEstim,50,1
6,1.538479909615719e-55,Sinusoidal,EpiEstim,50,1
7,3.5247496049644345e-75,Sinusoidal,EpiEstim,50,1
8,1.1631297687824859e-94,Sinusoidal,EpiEstim,50,1
9,2.2653096954590784e-113,Sinusoidal,EpiEstim,50,1
10,2.7525143510561166e-130,Sinusoidal,EpiEstim,50,1
11,3.182424933981182e-144,Sinusoidal,EpiEstim,50,1
12,7.129700696329695e-155,Sinusoidal,EpiEstim,50,1
13,9.338971426864608e-163,Sinusoidal,EpiEstim,50,1
14,1.1041614174449115e-166,Sinusoidal,EpiEstim,50,1
15,8.617880648269498e-167,Sinusoidal,EpiEstim,50,1
16,1.4451029502161802e-163,Sinusoidal,EpiEstim,50,1
17,7.030626930326451e-158,Sinusoidal,EpiEstim,50,1
18,7.340081249088625e-150,Sinusoidal,EpiEstim,50,1
19,7.606404021338106e-140,Sinusoidal,EpiEstim,50,1
20,1.1290104388251096e-129,Sinusoidal,EpiEstim,50,1
21,8.290162812852016e-120,Sinusoidal,EpiEstim,50,1
22,7.81031652294925e-111,Sinusoidal,EpiEstim,50,1
23,1.8151536455382775e-103,Sinusoidal,EpiEstim,50,1
24,1.5450201084763305e-98,Sinusoidal,EpiEstim,50,1
25,1.592810037026921e-95,Sinusoidal,EpiEstim,50,1
26,1.0646381413290971e-94,Sinusoidal,EpiEstim,50,1
27,8.183067205516205e-96,Sinusoidal,EpiEstim,50,1
28,1.5837293920471473e-98,Sinusoidal,EpiEstim,50,1
29,2.42195730794542e-102,Sinusoidal,EpiEstim,50,1
30,4.5042502567944077e-107,Sinusoidal,EpiEstim,50,1
1,8.64568870896847e-84,Sinusoidal,EpiEstim,100,1
2,1.0,Sinusoidal,EpiEstim,100,1
3,1.0505531595456559e-22,Sinusoidal,EpiEstim,100,1
4,9.110184984404077e-60,Sinusoidal,EpiEstim,100,1
5,2.232780027643096e-108,Sinusoidal,EpiEstim,100,1
6,6.256237312617741e-162,Sinusoidal,EpiEstim,100,1
7,8.923735246517419e-219,Sinusoidal,EpiEstim,100,1
8,1.8315286550663727e-274,Sinusoidal,EpiEstim,100,1
9,0.0,Sinusoidal,EpiEstim,100,1
10,0.0,Sinusoidal,EpiEstim,100,1
11,0.0,Sinusoidal,EpiEstim,100,1
12,0.0,Sinusoidal,EpiEstim,100,1
13,0.0,Sinusoidal,EpiEstim,100,1
14,0.0,Sinusoidal,EpiEstim,100,1
15,0.0,Sinusoidal,EpiEstim,100,1
16,0.0,Sinusoidal,EpiEstim,100,1
17,0.0,Sinusoidal,EpiEstim,100,1
18,0.0,Sinusoidal,EpiEstim,100,1
19,0.0,Sinusoidal,EpiEstim,100,1
20,0.0,Sinusoidal,EpiEstim,100,1
21,0.0,Sinusoidal,EpiEstim,100,1
22,1.949984447542028e-306,Sinusoidal,EpiEstim,100,1
23,4.2969612894602376e-285,Sinusoidal,EpiEstim,100,1
24,2.022275339096187e-269,Sinusoidal,EpiEstim,100,1
25,2.094347747406472e-259,Sinusoidal,EpiEstim,100,1
26,2.182146376163788e-255,Sinusoidal,EpiEstim,100,1
27,3.947151396754514e-257,Sinusoidal,EpiEstim,100,1
28,9.896307537713887e-264,Sinusoidal,EpiEstim,100,1
29,6.675039119878303e-274,Sinusoidal,EpiEstim,100,1
30,5.595887262869676e-287,Sinusoidal,EpiEstim,100,1
1,2.8112053553538775e-80,Sinusoidal,EpiEstim,200,1
2,1.0,Sinusoidal,EpiEstim,200,1
3,2.79791040421848e-40,Sinusoidal,EpiEstim,200,1
4,4.103510823809954e-107,Sinusoidal,EpiEstim,200,1
5,2.977141709591189e-188,Sinusoidal,EpiEstim,200,1
6,1.8398041855528374e-278,Sinusoidal,EpiEstim,200,1
7,0.0,Sinusoidal,EpiEstim,200,1
8,0.0,Sinusoidal,EpiEstim,200,1
9,0.0,Sinusoidal,EpiEstim,200,1
10,0.0,Sinusoidal,EpiEstim,200,1
11,0.0,Sinusoidal,EpiEstim,200,1
12,0.0,Sinusoidal,EpiEstim,200,1
13,0.0,Sinusoidal,EpiEstim,200,1
14,0.0,Sinusoidal,EpiEstim,200,1
15,0.0,Sinusoidal,EpiEstim,200,1
16,0.0,Sinusoidal,EpiEstim,200,1
17,0.0,Sinusoidal,EpiEstim,200,1
18,0.0,Sinusoidal,EpiEstim,200,1
19,0.0,Sinusoidal,EpiEstim,200,1
20,0.0,Sinusoidal,EpiEstim,200,1
21,0.0,Sinusoidal,EpiEstim,200,1
22,0.0,Sinusoidal,EpiEstim,200,1
23,0.0,Sinusoidal,EpiEstim,200,1
24,0.0,Sinusoidal,EpiEstim,200,1
25,0.0,Sinusoidal,EpiEstim,200,1
26,0.0,Sinusoidal,EpiEstim,200,1
27,0.0,Sinusoidal,EpiEstim,200,1
28,0.0,Sinusoidal,EpiEstim,200,1
29,0.0,Sinusoidal,EpiEstim,200,1
30,0.0,Sinusoidal,EpiEstim,200,1
1,1.6521184177746494e-76,Sinusoidal,EpiEstim,400,1
2,1.0,Sinusoidal,EpiEstim,400,1
3,6.140939933470635e-86,Sinusoidal,EpiEstim,400,1
4,1.452241149816745e-211,Sinusoidal,EpiEstim,400,1
5,0.0,Sinusoidal,EpiEstim,400,1
6,0.0,Sinusoidal,EpiEstim,400,1
7,0.0,Sinusoidal,EpiEstim,400,1
8,0.0,Sinusoidal,EpiEstim,400,1
9,0.0,Sinusoidal,EpiEstim,400,1
10,0.0,Sinusoidal,EpiEstim,400,1
11,0.0,Sinusoidal,EpiEstim,400,1
12,0.0,Sinusoidal,EpiEstim,400,1
13,0.0,Sinusoidal,EpiEstim,400,1
14,0.0,Sinusoidal,EpiEstim,400,1
15,0.0,Sinusoidal,EpiEstim,400,1
16,0.0,Sinusoidal,EpiEstim,400,1
17,0.0,Sinusoidal,EpiEstim,400,1
18,0.0,Sinusoidal,EpiEstim,400,1
19,0.0,Sinusoidal,EpiEstim,400,1
20,0.0,Sinusoidal,EpiEstim,400,1
21,0.0,Sinusoidal,EpiEstim,400,1
22,0.0,Sinusoidal,EpiEstim,400,1
23,0.0,Sinusoidal,EpiEstim,400,1
24,0.0,Sinusoidal,EpiEstim,400,1
25,0.0,Sinusoidal,EpiEstim,400,1
26,0.0,Sinusoidal,EpiEstim,400,1
27,0.0,Sinusoidal,EpiEstim,400,1
28,0.0,Sinusoidal,EpiEstim,400,1
29,0.0,Sinusoidal,EpiEstim,400,1
30,0.0,Sinusoidal,EpiEstim,400,1
1,1.6653655030266948e-32,Sinusoidal,EpiEstim,800,1
2,1.0,Sinusoidal,EpiEstim,800,1
3,1.8661631999995112e-193,Sinusoidal,EpiEstim,800,1
4,0.0,Sinusoidal,EpiEstim,800,1
5,0.0,Sinusoidal,EpiEstim,800,1
6,0.0,Sinusoidal,EpiEstim,800,1
7,0.0,Sinusoidal,EpiEstim,800,1
8,0.0,Sinusoidal,EpiEstim,800,1
9,0.0,Sinusoidal,EpiEstim,800,1
10,0.0,Sinusoidal,EpiEstim,800,1
11,0.0,Sinusoidal,EpiEstim,800,1
12,0.0,Sinusoidal,EpiEstim,800,1
13,0.0,Sinusoidal,EpiEstim,800,1
14,0.0,Sinusoidal,EpiEstim,800,1
15,0.0,Sinusoidal,EpiEstim,800,1
16,0.0,Sinusoidal,EpiEstim,800,1
17,0.0,Sinusoidal,EpiEstim,800,1
18,0.0,Sinusoidal,EpiEstim,800,1
19,0.0,Sinusoidal,EpiEstim,800,1
20,0.0,Sinusoidal,EpiEstim,800,1
21,0.0,Sinusoidal,EpiEstim,800,1
22,0.0,Sinusoidal,EpiEstim,800,1
23,0.0,Sinusoidal,EpiEstim,800,1
24,0.0,Sinusoidal,EpiEstim,800,1
25,0.0,Sinusoidal,EpiEstim,800,1
26,0.0,Sinusoidal,EpiEstim,800,1
27,0.0,Sinusoidal,EpiEstim,800,1
28,0.0,Sinusoidal,EpiEstim,800,1
29,0.0,Sinusoidal,EpiEstim,800,1
30,0.0,Sinusoidal,EpiEstim,800,1
1,1.0,Sinusoidal,EpiEstim,1600,1
2,5.601743969336079e-56,Sinusoidal,EpiEstim,1600,1
3,0.0,Sinusoidal,EpiEstim,1600,1
4,0.0,Sinusoidal,EpiEstim,1600,1
5,0.0,Sinusoidal,EpiEstim,1600,1
6,0.0,Sinusoidal,EpiEstim,1600,1
7,0.0,Sinusoidal,EpiEstim,1600,1
8,0.0,Sinusoidal,EpiEstim,1600,1
9,0.0,Sinusoidal,EpiEstim,1600,1
10,0.0,Sinusoidal,EpiEstim,1600,1
11,0.0,Sinusoidal,EpiEstim,1600,1
12,0.0,Sinusoidal,EpiEstim,1600,1
13,0.0,Sinusoidal,EpiEstim,1600,1
14,0.0,Sinusoidal,EpiEstim,1600,1
15,0.0,Sinusoidal,EpiEstim,1600,1
16,0.0,Sinusoidal,EpiEstim,1600,1
17,0.0,Sinusoidal,EpiEstim,1600,1
18,0.0,Sinusoidal,EpiEstim,1600,1
19,0.0,Sinusoidal,EpiEstim,1600,1
20,0.0,Sinusoidal,EpiEstim,1600,1
21,0.0,Sinusoidal,EpiEstim,1600,1
22,0.0,Sinusoidal,EpiEstim,1600,1
23,0.0,Sinusoidal,EpiEstim,1600,1
24,0.0,Sinusoidal,EpiEstim,1600,1
25,0.0,Sinusoidal,EpiEstim,1600,1
26,0.0,Sinusoidal,EpiEstim,1600,1
27,0.0,Sinusoidal,EpiEstim,1600,1
28,0.0,Sinusoidal,EpiEstim,1600,1
29,0.0,Sinusoidal,EpiEstim,1600,1
30,0.0,Sinusoidal,EpiEstim,1600,1
1,1.0,Sinusoidal,EpiEstim,3200,1
2,4.346634133756664e-247,Sinusoidal,EpiEstim,3200,1
3,0.0,Sinusoidal,EpiEstim,3200,1
4,0.0,Sinusoidal,EpiEstim,3200,1
5,0.0,Sinusoidal,EpiEstim,3200,1
6,0.0,Sinusoidal,EpiEstim,3200,1
7,0.0,Sinusoidal,EpiEstim,3200,1
8,0.0,Sinusoidal,EpiEstim,3200,1
9,0.0,Sinusoidal,EpiEstim,3200,1
10,0.0,Sinusoidal,EpiEstim,3200,1
11,0.0,Sinusoidal,EpiEstim,3200,1
12,0.0,Sinusoidal,EpiEstim,3200,1
13,0.0,Sinusoidal,EpiEstim,3200,1
14,0.0,Sinusoidal,EpiEstim,3200,1
15,0.0,Sinusoidal,EpiEstim,3200,1
16,0.0,Sinusoidal,EpiEstim,3200,1
17,0.0,Sinusoidal,EpiEstim,3200,1
18,0.0,Sinusoidal,EpiEstim,3200,1
19,0.0,Sinusoidal,EpiEstim,3200,1
20,0.0,Sinusoidal,EpiEstim,3200,1
21,0.0,Sinusoidal,EpiEstim,3200,1
22,0.0,Sinusoidal,EpiEstim,3200,1
23,0.0,Sinusoidal,EpiEstim,3200,1
24,0.0,Sinusoidal,EpiEstim,3200,1
25,0.0,Sinusoidal,EpiEstim,3200,1
26,0.0,Sinusoidal,EpiEstim,3200,1
27,0.0,Sinusoidal,EpiEstim,3200,1
28,0.0,Sinusoidal,EpiEstim,3200,1
29,0.0,Sinusoidal,EpiEstim,3200,1
30,0.0,Sinusoidal,EpiEstim,3200,1
1,1.336921311174628e-63,Sinusoidal,EpiEstim,25,2
2,0.9874715484103582,Sinusoidal,EpiEstim,25,2
3,0.012528371585097151,Sinusoidal,EpiEstim,25,2
4,8.000454435317729e-8,Sinusoidal,EpiEstim,25,2
5,4.946713143193877e-16,Sinusoidal,EpiEstim,25,2
6,2.0128630065466884e-27,Sinusoidal,EpiEstim,25,2
7,3.203684899986816e-39,Sinusoidal,EpiEstim,25,2
8,6.894062008749265e-51,Sinusoidal,EpiEstim,25,2
9,5.355946552118538e-62,Sinusoidal,EpiEstim,25,2
10,4.6799203309703984e-71,Sinusoidal,EpiEstim,25,2
11,9.643138124940311e-80,Sinusoidal,EpiEstim,25,2
12,4.600476979496461e-87,Sinusoidal,EpiEstim,25,2
13,1.5742961975136457e-91,Sinusoidal,EpiEstim,25,2
14,4.728988030607323e-93,Sinusoidal,EpiEstim,25,2
15,1.93648334218426e-93,Sinusoidal,EpiEstim,25,2
16,8.116305044728992e-92,Sinusoidal,EpiEstim,25,2
17,1.7087976232717602e-88,Sinusoidal,EpiEstim,25,2
18,1.7630569414513822e-83,Sinusoidal,EpiEstim,25,2
19,1.035413474754148e-77,Sinusoidal,EpiEstim,25,2
20,4.722314884403828e-72,Sinusoidal,EpiEstim,25,2
21,2.1632953381295242e-66,Sinusoidal,EpiEstim,25,2
22,4.907762906000518e-61,Sinusoidal,EpiEstim,25,2
23,5.202592902300089e-56,Sinusoidal,EpiEstim,25,2
24,1.2618867542662663e-52,Sinusoidal,EpiEstim,25,2
25,1.569388988167045e-50,Sinusoidal,EpiEstim,25,2
26,1.4001987284475245e-49,Sinusoidal,EpiEstim,25,2
27,1.1592972959086299e-49,Sinusoidal,EpiEstim,25,2
28,1.0646007641617145e-50,Sinusoidal,EpiEstim,25,2
29,5.744953449398219e-53,Sinusoidal,EpiEstim,25,2
30,8.6206576389038e-56,Sinusoidal,EpiEstim,25,2
1,8.068454530314606e-74,Sinusoidal,EpiEstim,50,2
2,0.9999999995469615,Sinusoidal,EpiEstim,50,2
3,4.53038463229715e-10,Sinusoidal,EpiEstim,50,2
4,2.7716887719391097e-28,Sinusoidal,EpiEstim,50,2
5,8.865162830177404e-51,Sinusoidal,EpiEstim,50,2
6,8.289529673906741e-78,Sinusoidal,EpiEstim,50,2
7,3.539724574934494e-104,Sinusoidal,EpiEstim,50,2
8,7.682533945025077e-131,Sinusoidal,EpiEstim,50,2
9,1.2405734362255652e-155,Sinusoidal,EpiEstim,50,2
10,2.442669283965287e-177,Sinusoidal,EpiEstim,50,2
11,4.9538030021477573e-194,Sinusoidal,EpiEstim,50,2
12,4.0349645389625305e-207,Sinusoidal,EpiEstim,50,2
13,2.7736369376768354e-215,Sinusoidal,EpiEstim,50,2
14,5.692897532541886e-218,Sinusoidal,EpiEstim,50,2
15,1.6535797180088284e-216,Sinusoidal,EpiEstim,50,2
16,5.151570949394208e-211,Sinusoidal,EpiEstim,50,2
17,9.828196467702962e-202,Sinusoidal,EpiEstim,50,2
18,4.4073183604794184e-190,Sinusoidal,EpiEstim,50,2
19,5.6133743559311245e-177,Sinusoidal,EpiEstim,50,2
20,3.779288026637738e-163,Sinusoidal,EpiEstim,50,2
21,5.226555549891795e-150,Sinusoidal,EpiEstim,50,2
22,6.811778492149711e-139,Sinusoidal,EpiEstim,50,2
23,9.896093770505328e-130,Sinusoidal,EpiEstim,50,2
24,4.303351547549041e-123,Sinusoidal,EpiEstim,50,2
25,3.036427445784717e-119,Sinusoidal,EpiEstim,50,2
26,1.931346061040047e-118,Sinusoidal,EpiEstim,50,2
27,2.243064459184779e-119,Sinusoidal,EpiEstim,50,2
28,5.696535210261669e-123,Sinusoidal,EpiEstim,50,2
29,6.347828214892199e-128,Sinusoidal,EpiEstim,50,2
30,1.3275432184499218e-133,Sinusoidal,EpiEstim,50,2
1,1.306414029972321e-81,Sinusoidal,EpiEstim,100,2
2,0.999999999999968,Sinusoidal,EpiEstim,100,2
3,3.2077272868923275e-14,Sinusoidal,EpiEstim,100,2
4,4.085013089712344e-39,Sinusoidal,EpiEstim,100,2
5,1.40332817414221e-70,Sinusoidal,EpiEstim,100,2
6,3.1125716591774974e-108,Sinusoidal,EpiEstim,100,2
7,4.744103551062006e-149,Sinusoidal,EpiEstim,100,2
8,4.536994670970666e-189,Sinusoidal,EpiEstim,100,2
9,6.831530485301913e-227,Sinusoidal,EpiEstim,100,2
10,7.774491306328757e-259,Sinusoidal,EpiEstim,100,2
11,7.86569341186476e-287,Sinusoidal,EpiEstim,100,2
12,2.429225425038992e-308,Sinusoidal,EpiEstim,100,2
13,5.0e-323,Sinusoidal,EpiEstim,100,2
14,0.0,Sinusoidal,EpiEstim,100,2
15,0.0,Sinusoidal,EpiEstim,100,2
16,3.0e-323,Sinusoidal,EpiEstim,100,2
17,1.2216873144331e-310,Sinusoidal,EpiEstim,100,2
18,8.019776958404609e-294,Sinusoidal,EpiEstim,100,2
19,7.843366189021256e-274,Sinusoidal,EpiEstim,100,2
20,7.339950701915299e-253,Sinusoidal,EpiEstim,100,2
21,1.5188492050683672e-232,Sinusoidal,EpiEstim,100,2
22,3.4270585337607247e-214,Sinusoidal,EpiEstim,100,2
23,6.880016782562386e-199,Sinusoidal,EpiEstim,100,2
24,9.774366637634777e-188,Sinusoidal,EpiEstim,100,2
25,1.079067266958991e-180,Sinusoidal,EpiEstim,100,2
26,1.551326475756415e-178,Sinusoidal,EpiEstim,100,2
27,7.717463019036042e-180,Sinusoidal,EpiEstim,100,2
28,1.0459974369116493e-184,Sinusoidal,EpiEstim,100,2
29,1.1636666904425854e-191,Sinusoidal,EpiEstim,100,2
30,1.2066870310116663e-200,Sinusoidal,EpiEstim,100,2
1,4.812718349016598e-84,Sinusoidal,EpiEstim,200,2
2,1.0,Sinusoidal,EpiEstim,200,2
3,4.062461652549143e-40,Sinusoidal,EpiEstim,200,2
4,6.335337964941095e-100,Sinusoidal,EpiEstim,200,2
5,1.6374461239283382e-174,Sinusoidal,EpiEstim,200,2
6,5.818536553151267e-259,Sinusoidal,EpiEstim,200,2
7,0.0,Sinusoidal,EpiEstim,200,2
8,0.0,Sinusoidal,EpiEstim,200,2
9,0.0,Sinusoidal,EpiEstim,200,2
10,0.0,Sinusoidal,EpiEstim,200,2
11,0.0,Sinusoidal,EpiEstim,200,2
12,0.0,Sinusoidal,EpiEstim,200,2
13,0.0,Sinusoidal,EpiEstim,200,2
14,0.0,Sinusoidal,EpiEstim,200,2
15,0.0,Sinusoidal,EpiEstim,200,2
16,0.0,Sinusoidal,EpiEstim,200,2
17,0.0,Sinusoidal,EpiEstim,200,2
18,0.0,Sinusoidal,EpiEstim,200,2
19,0.0,Sinusoidal,EpiEstim,200,2
20,0.0,Sinusoidal,EpiEstim,200,2
21,0.0,Sinusoidal,EpiEstim,200,2
22,0.0,Sinusoidal,EpiEstim,200,2
23,0.0,Sinusoidal,EpiEstim,200,2
24,0.0,Sinusoidal,EpiEstim,200,2
25,0.0,Sinusoidal,EpiEstim,200,2
26,0.0,Sinusoidal,EpiEstim,200,2
27,0.0,Sinusoidal,EpiEstim,200,2
28,0.0,Sinusoidal,EpiEstim,200,2
29,0.0,Sinusoidal,EpiEstim,200,2
30,0.0,Sinusoidal,EpiEstim,200,2
1,1.6281477070926116e-73,Sinusoidal,EpiEstim,400,2
2,1.0,Sinusoidal,EpiEstim,400,2
3,6.565176208795275e-100,Sinusoidal,EpiEstim,400,2
4,3.533276366182271e-249,Sinusoidal,EpiEstim,400,2
5,0.0,Sinusoidal,EpiEstim,400,2
6,0.0,Sinusoidal,EpiEstim,400,2
7,0.0,Sinusoidal,EpiEstim,400,2
8,0.0,Sinusoidal,EpiEstim,400,2
9,0.0,Sinusoidal,EpiEstim,400,2
10,0.0,Sinusoidal,EpiEstim,400,2
11,0.0,Sinusoidal,EpiEstim,400,2
12,0.0,Sinusoidal,EpiEstim,400,2
13,0.0,Sinusoidal,EpiEstim,400,2
14,0.0,Sinusoidal,EpiEstim,400,2
15,0.0,Sinusoidal,EpiEstim,400,2
16,0.0,Sinusoidal,EpiEstim,400,2
17,0.0,Sinusoidal,EpiEstim,400,2
18,0.0,Sinusoidal,EpiEstim,400,2
19,0.0,Sinusoidal,EpiEstim,400,2
20,0.0,Sinusoidal,EpiEstim,400,2
21,0.0,Sinusoidal,EpiEstim,400,2
22,0.0,Sinusoidal,EpiEstim,400,2
23,0.0,Sinusoidal,EpiEstim,400,2
24,0.0,Sinusoidal,EpiEstim,400,2
25,0.0,Sinusoidal,EpiEstim,400,2
26,0.0,Sinusoidal,EpiEstim,400,2
27,0.0,Sinusoidal,EpiEstim,400,2
28,0.0,Sinusoidal,EpiEstim,400,2
29,0.0,Sinusoidal,EpiEstim,400,2
30,0.0,Sinusoidal,EpiEstim,400,2
1,3.6832414870214793e-31,Sinusoidal,EpiEstim,800,2
2,1.0,Sinusoidal,EpiEstim,800,2
3,9.207189289871674e-192,Sinusoidal,EpiEstim,800,2
4,0.0,Sinusoidal,EpiEstim,800,2
5,0.0,Sinusoidal,EpiEstim,800,2
6,0.0,Sinusoidal,EpiEstim,800,2
7,0.0,Sinusoidal,EpiEstim,800,2
8,0.0,Sinusoidal,EpiEstim,800,2
9,0.0,Sinusoidal,EpiEstim,800,2
10,0.0,Sinusoidal,EpiEstim,800,2
11,0.0,Sinusoidal,EpiEstim,800,2
12,0.0,Sinusoidal,EpiEstim,800,2
13,0.0,Sinusoidal,EpiEstim,800,2
14,0.0,Sinusoidal,EpiEstim,800,2
15,0.0,Sinusoidal,EpiEstim,800,2
16,0.0,Sinusoidal,EpiEstim,800,2
17,0.0,Sinusoidal,EpiEstim,800,2
18,0.0,Sinusoidal,EpiEstim,800,2
19,0.0,Sinusoidal,EpiEstim,800,2
20,0.0,Sinusoidal,EpiEstim,800,2
21,0.0,Sinusoidal,EpiEstim,800,2
22,0.0,Sinusoidal,EpiEstim,800,2
23,0.0,Sinusoidal,EpiEstim,800,2
24,0.0,Sinusoidal,EpiEstim,800,2
25,0.0,Sinusoidal,EpiEstim,800,2
26,0.0,Sinusoidal,EpiEstim,800,2
27,0.0,Sinusoidal,EpiEstim,800,2
28,0.0,Sinusoidal,EpiEstim,800,2
29,0.0,Sinusoidal,EpiEstim,800,2
30,0.0,Sinusoidal,EpiEstim,800,2
1,1.0,Sinusoidal,EpiEstim,1600,2
2,1.1655723968095056e-53,Sinusoidal,EpiEstim,1600,2
3,0.0,Sinusoidal,EpiEstim,1600,2
4,0.0,Sinusoidal,EpiEstim,1600,2
5,0.0,Sinusoidal,EpiEstim,1600,2
6,0.0,Sinusoidal,EpiEstim,1600,2
7,0.0,Sinusoidal,EpiEstim,1600,2
8,0.0,Sinusoidal,EpiEstim,1600,2
9,0.0,Sinusoidal,EpiEstim,1600,2
10,0.0,Sinusoidal,EpiEstim,1600,2
11,0.0,Sinusoidal,EpiEstim,1600,2
12,0.0,Sinusoidal,EpiEstim,1600,2
13,0.0,Sinusoidal,EpiEstim,1600,2
14,0.0,Sinusoidal,EpiEstim,1600,2
15,0.0,Sinusoidal,EpiEstim,1600,2
16,0.0,Sinusoidal,EpiEstim,1600,2
17,0.0,Sinusoidal,EpiEstim,1600,2
18,0.0,Sinusoidal,EpiEstim,1600,2
19,0.0,Sinusoidal,EpiEstim,1600,2
20,0.0,Sinusoidal,EpiEstim,1600,2
21,0.0,Sinusoidal,EpiEstim,1600,2
22,0.0,Sinusoidal,EpiEstim,1600,2
23,0.0,Sinusoidal,EpiEstim,1600,2
24,0.0,Sinusoidal,EpiEstim,1600,2
25,0.0,Sinusoidal,EpiEstim,1600,2
26,0.0,Sinusoidal,EpiEstim,1600,2
27,0.0,Sinusoidal,EpiEstim,1600,2
28,0.0,Sinusoidal,EpiEstim,1600,2
29,0.0,Sinusoidal,EpiEstim,1600,2
30,0.0,Sinusoidal,EpiEstim,1600,2
1,1.0,Sinusoidal,EpiEstim,3200,2
2,1.6764849694301125e-247,Sinusoidal,EpiEstim,3200,2
3,0.0,Sinusoidal,EpiEstim,3200,2
4,0.0,Sinusoidal,EpiEstim,3200,2
5,0.0,Sinusoidal,EpiEstim,3200,2
6,0.0,Sinusoidal,EpiEstim,3200,2
7,0.0,Sinusoidal,EpiEstim,3200,2
8,0.0,Sinusoidal,EpiEstim,3200,2
9,0.0,Sinusoidal,EpiEstim,3200,2
10,0.0,Sinusoidal,EpiEstim,3200,2
11,0.0,Sinusoidal,EpiEstim,3200,2
12,0.0,Sinusoidal,EpiEstim,3200,2
13,0.0,Sinusoidal,EpiEstim,3200,2
14,0.0,Sinusoidal,EpiEstim,3200,2
15,0.0,Sinusoidal,EpiEstim,3200,2
16,0.0,Sinusoidal,EpiEstim,3200,2
17,0.0,Sinusoidal,EpiEstim,3200,2
18,0.0,Sinusoidal,EpiEstim,3200,2
19,0.0,Sinusoidal,EpiEstim,3200,2
20,0.0,Sinusoidal,EpiEstim,3200,2
21,0.0,Sinusoidal,EpiEstim,3200,2
22,0.0,Sinusoidal,EpiEstim,3200,2
23,0.0,Sinusoidal,EpiEstim,3200,2
24,0.0,Sinusoidal,EpiEstim,3200,2
25,0.0,Sinusoidal,EpiEstim,3200,2
26,0.0,Sinusoidal,EpiEstim,3200,2
27,0.0,Sinusoidal,EpiEstim,3200,2
28,0.0,Sinusoidal,EpiEstim,3200,2
29,0.0,Sinusoidal,EpiEstim,3200,2
30,0.0,Sinusoidal,EpiEstim,3200,2
1,1.73078481304683e-60,Sinusoidal,EpiEstim,25,3
2,0.09229678376146042,Sinusoidal,EpiEstim,25,3
3,0.9074944071536982,Sinusoidal,EpiEstim,25,3
4,0.00020880908481310555,Sinusoidal,EpiEstim,25,3
5,2.841106620768929e-14,Sinusoidal,EpiEstim,25,3
6,2.74083429901379e-25,Sinusoidal,EpiEstim,25,3
7,2.475582650971701e-37,Sinusoidal,EpiEstim,25,3
8,1.5572122649096486e-48,Sinusoidal,EpiEstim,25,3
9,7.352612947461823e-60,Sinusoidal,EpiEstim,25,3
10,1.00598276821154e-69,Sinusoidal,EpiEstim,25,3
11,1.6163278805036774e-78,Sinusoidal,EpiEstim,25,3
12,6.238874237614704e-85,Sinusoidal,EpiEstim,25,3
13,6.453916142516144e-90,Sinusoidal,EpiEstim,25,3
14,9.039487237934207e-92,Sinusoidal,EpiEstim,25,3
15,6.406754308052635e-92,Sinusoidal,EpiEstim,25,3
16,4.907307816998751e-90,Sinusoidal,EpiEstim,25,3
17,3.6759509500646154e-86,Sinusoidal,EpiEstim,25,3
18,5.824795843966381e-81,Sinusoidal,EpiEstim,25,3
19,4.161205100033019e-75,Sinusoidal,EpiEstim,25,3
20,1.821236446053121e-69,Sinusoidal,EpiEstim,25,3
21,2.4607078729430556e-63,Sinusoidal,EpiEstim,25,3
22,5.991733100208944e-58,Sinusoidal,EpiEstim,25,3
23,9.976878397220181e-54,Sinusoidal,EpiEstim,25,3
24,1.6180806808094393e-50,Sinusoidal,EpiEstim,25,3
25,3.6482706103118215e-48,Sinusoidal,EpiEstim,25,3
26,2.9001801694050775e-47,Sinusoidal,EpiEstim,25,3
27,2.252079079232138e-47,Sinusoidal,EpiEstim,25,3
28,1.8155543426202335e-48,Sinusoidal,EpiEstim,25,3
29,1.233947084329942e-50,Sinusoidal,EpiEstim,25,3
30,3.907826512039154e-53,Sinusoidal,EpiEstim,25,3
1,2.6328616442747914e-75,Sinusoidal,EpiEstim,50,3
2,0.9999999992094397,Sinusoidal,EpiEstim,50,3
3,7.905602647158219e-10,Sinusoidal,EpiEstim,50,3
4,1.886278345658364e-25,Sinusoidal,EpiEstim,50,3
5,9.058584875300902e-46,Sinusoidal,EpiEstim,50,3
6,5.530262825484424e-68,Sinusoidal,EpiEstim,50,3
7,8.575327734663104e-90,Sinusoidal,EpiEstim,50,3
8,2.6346568727586287e-111,Sinusoidal,EpiEstim,50,3
9,1.9878269495602076e-131,Sinusoidal,EpiEstim,50,3
10,1.4735039719895026e-148,Sinusoidal,EpiEstim,50,3
11,3.7441539281375205e-164,Sinusoidal,EpiEstim,50,3
12,2.598787661368788e-175,Sinusoidal,EpiEstim,50,3
13,1.5856384716432694e-182,Sinusoidal,EpiEstim,50,3
14,1.871769492242711e-185,Sinusoidal,EpiEstim,50,3
15,6.749324085217019e-185,Sinusoidal,EpiEstim,50,3
16,2.1531985372808164e-180,Sinusoidal,EpiEstim,50,3
17,2.641159419330851e-174,Sinusoidal,EpiEstim,50,3
18,1.9606536006479188e-165,Sinusoidal,EpiEstim,50,3
19,7.082391232597753e-155,Sinusoidal,EpiEstim,50,3
20,1.841106935124107e-143,Sinusoidal,EpiEstim,50,3
21,2.3613411123391387e-132,Sinusoidal,EpiEstim,50,3
22,1.1109177324812593e-122,Sinusoidal,EpiEstim,50,3
23,5.830773931967586e-115,Sinusoidal,EpiEstim,50,3
24,3.669873115162031e-109,Sinusoidal,EpiEstim,50,3
25,1.9675747807573864e-105,Sinusoidal,EpiEstim,50,3
26,2.0571449052428973e-104,Sinusoidal,EpiEstim,50,3
27,3.1056292657868876e-105,Sinusoidal,EpiEstim,50,3
28,1.158257011554982e-107,Sinusoidal,EpiEstim,50,3
29,1.1726934856989243e-111,Sinusoidal,EpiEstim,50,3
30,1.1756647590692312e-116,Sinusoidal,EpiEstim,50,3
1,3.666742727753242e-77,Sinusoidal,EpiEstim,100,3
2,1.0,Sinusoidal,EpiEstim,100,3
3,6.075681753561997e-20,Sinusoidal,EpiEstim,100,3
4,3.474241521237631e-61,Sinusoidal,EpiEstim,100,3
5,7.347423372975451e-110,Sinusoidal,EpiEstim,100,3
6,3.4724656087288778e-164,Sinusoidal,EpiEstim,100,3
7,1.0866011582139043e-220,Sinusoidal,EpiEstim,100,3
8,1.9669382204020338e-274,Sinusoidal,EpiEstim,100,3
9,0.0,Sinusoidal,EpiEstim,100,3
10,0.0,Sinusoidal,EpiEstim,100,3
11,0.0,Sinusoidal,EpiEstim,100,3
12,0.0,Sinusoidal,EpiEstim,100,3
13,0.0,Sinusoidal,EpiEstim,100,3
14,0.0,Sinusoidal,EpiEstim,100,3
15,0.0,Sinusoidal,EpiEstim,100,3
16,0.0,Sinusoidal,EpiEstim,100,3
17,0.0,Sinusoidal,EpiEstim,100,3
18,0.0,Sinusoidal,EpiEstim,100,3
19,0.0,Sinusoidal,EpiEstim,100,3
20,0.0,Sinusoidal,EpiEstim,100,3
21,1.5e-323,Sinusoidal,EpiEstim,100,3
22,1.0872594655440099e-298,Sinusoidal,EpiEstim,100,3
23,6.449213548510254e-278,Sinusoidal,EpiEstim,100,3
24,9.67167797155559e-264,Sinusoidal,EpiEstim,100,3
25,3.131528124298493e-255,Sinusoidal,EpiEstim,100,3
26,2.0649624650957036e-253,Sinusoidal,EpiEstim,100,3
27,4.185792270915047e-256,Sinusoidal,EpiEstim,100,3
28,8.737445242753189e-264,Sinusoidal,EpiEstim,100,3
29,4.589762408793668e-274,Sinusoidal,EpiEstim,100,3
30,1.4654512826079675e-286,Sinusoidal,EpiEstim,100,3
1,1.3489361761653763e-77,Sinusoidal,EpiEstim,200,3
2,1.0,Sinusoidal,EpiEstim,200,3
3,1.202742835254678e-47,Sinusoidal,EpiEstim,200,3
4,8.23673585814303e-120,Sinusoidal,EpiEstim,200,3
5,6.457156551716437e-211,Sinusoidal,EpiEstim,200,3
6,1.23736728351e-312,Sinusoidal,EpiEstim,200,3
7,0.0,Sinusoidal,EpiEstim,200,3
8,0.0,Sinusoidal,EpiEstim,200,3
9,0.0,Sinusoidal,EpiEstim,200,3
10,0.0,Sinusoidal,EpiEstim,200,3
11,0.0,Sinusoidal,EpiEstim,200,3
12,0.0,Sinusoidal,EpiEstim,200,3
13,0.0,Sinusoidal,EpiEstim,200,3
14,0.0,Sinusoidal,EpiEstim,200,3
15,0.0,Sinusoidal,EpiEstim,200,3
16,0.0,Sinusoidal,EpiEstim,200,3
17,0.0,Sinusoidal,EpiEstim,200,3
18,0.0,Sinusoidal,EpiEstim,200,3
19,0.0,Sinusoidal,EpiEstim,200,3
20,0.0,Sinusoidal,EpiEstim,200,3
21,0.0,Sinusoidal,EpiEstim,200,3
22,0.0,Sinusoidal,EpiEstim,200,3
23,0.0,Sinusoidal,EpiEstim,200,3
24,0.0,Sinusoidal,EpiEstim,200,3
25,0.0,Sinusoidal,EpiEstim,200,3
26,0.0,Sinusoidal,EpiEstim,200,3
27,0.0,Sinusoidal,EpiEstim,200,3
28,0.0,Sinusoidal,EpiEstim,200,3
29,0.0,Sinusoidal,EpiEstim,200,3
30,0.0,Sinusoidal,EpiEstim,200,3
1,3.925322938452879e-69,Sinusoidal,EpiEstim,400,3
2,1.0,Sinusoidal,EpiEstim,400,3
3,4.329040691283817e-99,Sinusoidal,EpiEstim,400,3
4,5.366120234433823e-246,Sinusoidal,EpiEstim,400,3
5,0.0,Sinusoidal,EpiEstim,400,3
6,0.0,Sinusoidal,EpiEstim,400,3
7,0.0,Sinusoidal,EpiEstim,400,3
8,0.0,Sinusoidal,EpiEstim,400,3
9,0.0,Sinusoidal,EpiEstim,400,3
10,0.0,Sinusoidal,EpiEstim,400,3
11,0.0,Sinusoidal,EpiEstim,400,3
12,0.0,Sinusoidal,EpiEstim,400,3
13,0.0,Sinusoidal,EpiEstim,400,3
14,0.0,Sinusoidal,EpiEstim,400,3
15,0.0,Sinusoidal,EpiEstim,400,3
16,0.0,Sinusoidal,EpiEstim,400,3
17,0.0,Sinusoidal,EpiEstim,400,3
18,0.0,Sinusoidal,EpiEstim,400,3
19,0.0,Sinusoidal,EpiEstim,400,3
20,0.0,Sinusoidal,EpiEstim,400,3
21,0.0,Sinusoidal,EpiEstim,400,3
22,0.0,Sinusoidal,EpiEstim,400,3
23,0.0,Sinusoidal,EpiEstim,400,3
24,0.0,Sinusoidal,EpiEstim,400,3
25,0.0,Sinusoidal,EpiEstim,400,3
26,0.0,Sinusoidal,EpiEstim,400,3
27,0.0,Sinusoidal,EpiEstim,400,3
28,0.0,Sinusoidal,EpiEstim,400,3
29,0.0,Sinusoidal,EpiEstim,400,3
30,0.0,Sinusoidal,EpiEstim,400,3
1,1.679767941789114e-37,Sinusoidal,EpiEstim,800,3
2,1.0,Sinusoidal,EpiEstim,800,3
3,1.230452570322444e-183,Sinusoidal,EpiEstim,800,3
4,0.0,Sinusoidal,EpiEstim,800,3
5,0.0,Sinusoidal,EpiEstim,800,3
6,0.0,Sinusoidal,EpiEstim,800,3
7,0.0,Sinusoidal,EpiEstim,800,3
8,0.0,Sinusoidal,EpiEstim,800,3
9,0.0,Sinusoidal,EpiEstim,800,3
10,0.0,Sinusoidal,EpiEstim,800,3
11,0.0,Sinusoidal,EpiEstim,800,3
12,0.0,Sinusoidal,EpiEstim,800,3
13,0.0,Sinusoidal,EpiEstim,800,3
14,0.0,Sinusoidal,EpiEstim,800,3
15,0.0,Sinusoidal,EpiEstim,800,3
16,0.0,Sinusoidal,EpiEstim,800,3
17,0.0,Sinusoidal,EpiEstim,800,3
18,0.0,Sinusoidal,EpiEstim,800,3
19,0.0,Sinusoidal,EpiEstim,800,3
20,0.0,Sinusoidal,EpiEstim,800,3
21,0.0,Sinusoidal,EpiEstim,800,3
22,0.0,Sinusoidal,EpiEstim,800,3
23,0.0,Sinusoidal,EpiEstim,800,3
24,0.0,Sinusoidal,EpiEstim,800,3
25,0.0,Sinusoidal,EpiEstim,800,3
26,0.0,Sinusoidal,EpiEstim,800,3
27,0.0,Sinusoidal,EpiEstim,800,3
28,0.0,Sinusoidal,EpiEstim,800,3
29,0.0,Sinusoidal,EpiEstim,800,3
30,0.0,Sinusoidal,EpiEstim,800,3
1,1.0,Sinusoidal,EpiEstim,1600,3
2,1.1936334565486758e-52,Sinusoidal,EpiEstim,1600,3
3,0.0,Sinusoidal,EpiEstim,1600,3
4,0.0,Sinusoidal,EpiEstim,1600,3
5,0.0,Sinusoidal,EpiEstim,1600,3
6,0.0,Sinusoidal,EpiEstim,1600,3
7,0.0,Sinusoidal,EpiEstim,1600,3
8,0.0,Sinusoidal,EpiEstim,1600,3
9,0.0,Sinusoidal,EpiEstim,1600,3
10,0.0,Sinusoidal,EpiEstim,1600,3
11,0.0,Sinusoidal,EpiEstim,1600,3
12,0.0,Sinusoidal,EpiEstim,1600,3
13,0.0,Sinusoidal,EpiEstim,1600,3
14,0.0,Sinusoidal,EpiEstim,1600,3
15,0.0,Sinusoidal,EpiEstim,1600,3
16,0.0,Sinusoidal,EpiEstim,1600,3
17,0.0,Sinusoidal,EpiEstim,1600,3
18,0.0,Sinusoidal,EpiEstim,1600,3
19,0.0,Sinusoidal,EpiEstim,1600,3
20,0.0,Sinusoidal,EpiEstim,1600,3
21,0.0,Sinusoidal,EpiEstim,1600,3
22,0.0,Sinusoidal,EpiEstim,1600,3
23,0.0,Sinusoidal,EpiEstim,1600,3
24,0.0,Sinusoidal,EpiEstim,1600,3
25,0.0,Sinusoidal,EpiEstim,1600,3
26,0.0,Sinusoidal,EpiEstim,1600,3
27,0.0,Sinusoidal,EpiEstim,1600,3
28,0.0,Sinusoidal,EpiEstim,1600,3
29,0.0,Sinusoidal,EpiEstim,1600,3
30,0.0,Sinusoidal,EpiEstim,1600,3
1,1.0,Sinusoidal,EpiEstim,3200,3
2,5.678084865358371e-258,Sinusoidal,EpiEstim,3200,3
3,0.0,Sinusoidal,EpiEstim,3200,3
4,0.0,Sinusoidal,EpiEstim,3200,3
5,0.0,Sinusoidal,EpiEstim,3200,3
6,0.0,Sinusoidal,EpiEstim,3200,3
7,0.0,Sinusoidal,EpiEstim,3200,3
8,0.0,Sinusoidal,EpiEstim,3200,3
9,0.0,Sinusoidal,EpiEstim,3200,3
10,0.0,Sinusoidal,EpiEstim,3200,3
11,0.0,Sinusoidal,EpiEstim,3200,3
12,0.0,Sinusoidal,EpiEstim,3200,3
13,0.0,Sinusoidal,EpiEstim,3200,3
14,0.0,Sinusoidal,EpiEstim,3200,3
15,0.0,Sinusoidal,EpiEstim,3200,3
16,0.0,Sinusoidal,EpiEstim,3200,3
17,0.0,Sinusoidal,EpiEstim,3200,3
18,0.0,Sinusoidal,EpiEstim,3200,3
19,0.0,Sinusoidal,EpiEstim,3200,3
20,0.0,Sinusoidal,EpiEstim,3200,3
21,0.0,Sinusoidal,EpiEstim,3200,3
22,0.0,Sinusoidal,EpiEstim,3200,3
23,0.0,Sinusoidal,EpiEstim,3200,3
24,0.0,Sinusoidal,EpiEstim,3200,3
25,0.0,Sinusoidal,EpiEstim,3200,3
26,0.0,Sinusoidal,EpiEstim,3200,3
27,0.0,Sinusoidal,EpiEstim,3200,3
28,0.0,Sinusoidal,EpiEstim,3200,3
29,0.0,Sinusoidal,EpiEstim,3200,3
30,0.0,Sinusoidal,EpiEstim,3200,3
1,3.1592199542345334e-64,Sinusoidal,EpiEstim,25,4
2,0.19986482498730407,Sinusoidal,EpiEstim,25,4
3,0.800123049591736,Sinusoidal,EpiEstim,25,4
4,1.2125420957529016e-5,Sinusoidal,EpiEstim,25,4
5,2.4832173782395234e-15,Sinusoidal,EpiEstim,25,4
6,3.402473217035394e-24,Sinusoidal,EpiEstim,25,4
7,6.733017189568957e-35,Sinusoidal,EpiEstim,25,4
8,5.942203765147876e-45,Sinusoidal,EpiEstim,25,4
9,1.383341205677347e-54,Sinusoidal,EpiEstim,25,4
10,3.838985110530153e-63,Sinusoidal,EpiEstim,25,4
11,9.794042040456047e-70,Sinusoidal,EpiEstim,25,4
12,1.734045448662473e-75,Sinusoidal,EpiEstim,25,4
13,1.9130659881404908e-78,Sinusoidal,EpiEstim,25,4
14,1.2343232748727474e-80,Sinusoidal,EpiEstim,25,4
15,1.3317896773301996e-80,Sinusoidal,EpiEstim,25,4
16,3.833188746120028e-79,Sinusoidal,EpiEstim,25,4
17,4.3360898112711435e-76,Sinusoidal,EpiEstim,25,4
18,8.773960045682437e-72,Sinusoidal,EpiEstim,25,4
19,3.544194354396172e-67,Sinusoidal,EpiEstim,25,4
20,7.85583445168491e-62,Sinusoidal,EpiEstim,25,4
21,8.302999334889006e-57,Sinusoidal,EpiEstim,25,4
22,1.0813558565661931e-51,Sinusoidal,EpiEstim,25,4
23,9.198424888385816e-48,Sinusoidal,EpiEstim,25,4
24,9.639914441433335e-45,Sinusoidal,EpiEstim,25,4
25,1.3538056370353104e-42,Sinusoidal,EpiEstim,25,4
26,6.77967620193355e-42,Sinusoidal,EpiEstim,25,4
27,8.084001445771467e-42,Sinusoidal,EpiEstim,25,4
28,8.191941664502169e-43,Sinusoidal,EpiEstim,25,4
29,8.72375012321685e-45,Sinusoidal,EpiEstim,25,4
30,3.9321923355424816e-47,Sinusoidal,EpiEstim,25,4
1,9.35761457004489e-78,Sinusoidal,EpiEstim,50,4
2,0.9999999171606844,Sinusoidal,EpiEstim,50,4
3,8.283931573519415e-8,Sinusoidal,EpiEstim,50,4
4,5.586881077110596e-22,Sinusoidal,EpiEstim,50,4
5,1.3186844008784497e-40,Sinusoidal,EpiEstim,50,4
6,9.347442007705404e-62,Sinusoidal,EpiEstim,50,4
7,4.951748871531943e-83,Sinusoidal,EpiEstim,50,4
8,2.2083290310705863e-104,Sinusoidal,EpiEstim,50,4
9,1.0198119737227473e-123,Sinusoidal,EpiEstim,50,4
10,1.4480625733776277e-141,Sinusoidal,EpiEstim,50,4
11,7.541947856643441e-157,Sinusoidal,EpiEstim,50,4
12,1.5928804298652273e-168,Sinusoidal,EpiEstim,50,4
13,1.0983586864225148e-176,Sinusoidal,EpiEstim,50,4
14,1.642000035812527e-180,Sinusoidal,EpiEstim,50,4
15,1.8945586628804866e-180,Sinusoidal,EpiEstim,50,4
16,1.4371920394591759e-176,Sinusoidal,EpiEstim,50,4
17,5.6242410870200724e-170,Sinusoidal,EpiEstim,50,4
18,1.4824705417416727e-160,Sinusoidal,EpiEstim,50,4
19,4.5930227190851557e-150,Sinusoidal,EpiEstim,50,4
20,2.3740572040190362e-138,Sinusoidal,EpiEstim,50,4
21,1.4398151322583382e-126,Sinusoidal,EpiEstim,50,4
22,4.438612062515199e-116,Sinusoidal,EpiEstim,50,4
23,1.440410445041984e-107,Sinusoidal,EpiEstim,50,4
24,5.5595367757209993e-101,Sinusoidal,EpiEstim,50,4
25,6.321781278013275e-97,Sinusoidal,EpiEstim,50,4
26,4.3051943665816885e-95,Sinusoidal,EpiEstim,50,4
27,1.416000759235399e-95,Sinusoidal,EpiEstim,50,4
28,4.057298002641123e-98,Sinusoidal,EpiEstim,50,4
29,5.7292580888215905e-102,Sinusoidal,EpiEstim,50,4
30,8.78487421972059e-107,Sinusoidal,EpiEstim,50,4
1,5.332570937750323e-82,Sinusoidal,EpiEstim,100,4
2,1.0,Sinusoidal,EpiEstim,100,4
3,6.973355732493841e-21,Sinusoidal,EpiEstim,100,4
4,2.744291370848876e-53,Sinusoidal,EpiEstim,100,4
5,3.474920613286835e-97,Sinusoidal,EpiEstim,100,4
6,1.6034902188944256e-146,Sinusoidal,EpiEstim,100,4
7,1.9507512244884333e-198,Sinusoidal,EpiEstim,100,4
8,2.360743219333852e-249,Sinusoidal,EpiEstim,100,4
9,2.379051921639827e-297,Sinusoidal,EpiEstim,100,4
10,0.0,Sinusoidal,EpiEstim,100,4
11,0.0,Sinusoidal,EpiEstim,100,4
12,0.0,Sinusoidal,EpiEstim,100,4
13,0.0,Sinusoidal,EpiEstim,100,4
14,0.0,Sinusoidal,EpiEstim,100,4
15,0.0,Sinusoidal,EpiEstim,100,4
16,0.0,Sinusoidal,EpiEstim,100,4
17,0.0,Sinusoidal,EpiEstim,100,4
18,0.0,Sinusoidal,EpiEstim,100,4
19,0.0,Sinusoidal,EpiEstim,100,4
20,0.0,Sinusoidal,EpiEstim,100,4
21,2.9927215332959174e-302,Sinusoidal,EpiEstim,100,4
22,3.3671914528636045e-279,Sinusoidal,EpiEstim,100,4
23,9.688241584380864e-260,Sinusoidal,EpiEstim,100,4
24,2.2672797529658826e-245,Sinusoidal,EpiEstim,100,4
25,1.0900234396432004e-236,Sinusoidal,EpiEstim,100,4
26,3.0985308803142696e-233,Sinusoidal,EpiEstim,100,4
27,6.71361693268787e-235,Sinusoidal,EpiEstim,100,4
28,5.734482278801587e-241,Sinusoidal,EpiEstim,100,4
29,3.0154686835814885e-250,Sinusoidal,EpiEstim,100,4
30,8.297106297073826e-262,Sinusoidal,EpiEstim,100,4
1,1.2648128831617991e-87,Sinusoidal,EpiEstim,200,4
2,1.0,Sinusoidal,EpiEstim,200,4
3,3.871643324317649e-40,Sinusoidal,EpiEstim,200,4
4,2.365421711122712e-102,Sinusoidal,EpiEstim,200,4
5,3.5024639750948305e-181,Sinusoidal,EpiEstim,200,4
6,1.9870131582684957e-268,Sinusoidal,EpiEstim,200,4
7,0.0,Sinusoidal,EpiEstim,200,4
8,0.0,Sinusoidal,EpiEstim,200,4
9,0.0,Sinusoidal,EpiEstim,200,4
10,0.0,Sinusoidal,EpiEstim,200,4
11,0.0,Sinusoidal,EpiEstim,200,4
12,0.0,Sinusoidal,EpiEstim,200,4
13,0.0,Sinusoidal,EpiEstim,200,4
14,0.0,Sinusoidal,EpiEstim,200,4
15,0.0,Sinusoidal,EpiEstim,200,4
16,0.0,Sinusoidal,EpiEstim,200,4
17,0.0,Sinusoidal,EpiEstim,200,4
18,0.0,Sinusoidal,EpiEstim,200,4
19,0.0,Sinusoidal,EpiEstim,200,4
20,0.0,Sinusoidal,EpiEstim,200,4
21,0.0,Sinusoidal,EpiEstim,200,4
22,0.0,Sinusoidal,EpiEstim,200,4
23,0.0,Sinusoidal,EpiEstim,200,4
24,0.0,Sinusoidal,EpiEstim,200,4
25,0.0,Sinusoidal,EpiEstim,200,4
26,0.0,Sinusoidal,EpiEstim,200,4
27,0.0,Sinusoidal,EpiEstim,200,4
28,0.0,Sinusoidal,EpiEstim,200,4
29,0.0,Sinusoidal,EpiEstim,200,4
30,0.0,Sinusoidal,EpiEstim,200,4
1,4.144695670691394e-72,Sinusoidal,EpiEstim,400,4
2,1.0,Sinusoidal,EpiEstim,400,4
3,4.307527856888241e-92,Sinusoidal,EpiEstim,400,4
4,2.5353779905674556e-229,Sinusoidal,EpiEstim,400,4
5,0.0,Sinusoidal,EpiEstim,400,4
6,0.0,Sinusoidal,EpiEstim,400,4
7,0.0,Sinusoidal,EpiEstim,400,4
8,0.0,Sinusoidal,EpiEstim,400,4
9,0.0,Sinusoidal,EpiEstim,400,4
10,0.0,Sinusoidal,EpiEstim,400,4
11,0.0,Sinusoidal,EpiEstim,400,4
12,0.0,Sinusoidal,EpiEstim,400,4
13,0.0,Sinusoidal,EpiEstim,400,4
14,0.0,Sinusoidal,EpiEstim,400,4
15,0.0,Sinusoidal,EpiEstim,400,4
16,0.0,Sinusoidal,EpiEstim,400,4
17,0.0,Sinusoidal,EpiEstim,400,4
18,0.0,Sinusoidal,EpiEstim,400,4
19,0.0,Sinusoidal,EpiEstim,400,4
20,0.0,Sinusoidal,EpiEstim,400,4
21,0.0,Sinusoidal,EpiEstim,400,4
22,0.0,Sinusoidal,EpiEstim,400,4
23,0.0,Sinusoidal,EpiEstim,400,4
24,0.0,Sinusoidal,EpiEstim,400,4
25,0.0,Sinusoidal,EpiEstim,400,4
26,0.0,Sinusoidal,EpiEstim,400,4
27,0.0,Sinusoidal,EpiEstim,400,4
28,0.0,Sinusoidal,EpiEstim,400,4
29,0.0,Sinusoidal,EpiEstim,400,4
30,0.0,Sinusoidal,EpiEstim,400,4
1,4.932149845656461e-35,Sinusoidal,EpiEstim,800,4
2,1.0,Sinusoidal,EpiEstim,800,4
3,2.6531471739696554e-187,Sinusoidal,EpiEstim,800,4
4,0.0,Sinusoidal,EpiEstim,800,4
5,0.0,Sinusoidal,EpiEstim,800,4
6,0.0,Sinusoidal,EpiEstim,800,4
7,0.0,Sinusoidal,EpiEstim,800,4
8,0.0,Sinusoidal,EpiEstim,800,4
9,0.0,Sinusoidal,EpiEstim,800,4
10,0.0,Sinusoidal,EpiEstim,800,4
11,0.0,Sinusoidal,EpiEstim,800,4
12,0.0,Sinusoidal,EpiEstim,800,4
13,0.0,Sinusoidal,EpiEstim,800,4
14,0.0,Sinusoidal,EpiEstim,800,4
15,0.0,Sinusoidal,EpiEstim,800,4
16,0.0,Sinusoidal,EpiEstim,800,4
17,0.0,Sinusoidal,EpiEstim,800,4
18,0.0,Sinusoidal,EpiEstim,800,4
19,0.0,Sinusoidal,EpiEstim,800,4
20,0.0,Sinusoidal,EpiEstim,800,4
21,0.0,Sinusoidal,EpiEstim,800,4
22,0.0,Sinusoidal,EpiEstim,800,4
23,0.0,Sinusoidal,EpiEstim,800,4
24,0.0,Sinusoidal,EpiEstim,800,4
25,0.0,Sinusoidal,EpiEstim,800,4
26,0.0,Sinusoidal,EpiEstim,800,4
27,0.0,Sinusoidal,EpiEstim,800,4
28,0.0,Sinusoidal,EpiEstim,800,4
29,0.0,Sinusoidal,EpiEstim,800,4
30,0.0,Sinusoidal,EpiEstim,800,4
1,1.0,Sinusoidal,EpiEstim,1600,4
2,4.634621737687599e-55,Sinusoidal,EpiEstim,1600,4
3,0.0,Sinusoidal,EpiEstim,1600,4
4,0.0,Sinusoidal,EpiEstim,1600,4
5,0.0,Sinusoidal,EpiEstim,1600,4
6,0.0,Sinusoidal,EpiEstim,1600,4
7,0.0,Sinusoidal,EpiEstim,1600,4
8,0.0,Sinusoidal,EpiEstim,1600,4
9,0.0,Sinusoidal,EpiEstim,1600,4
10,0.0,Sinusoidal,EpiEstim,1600,4
11,0.0,Sinusoidal,EpiEstim,1600,4
12,0.0,Sinusoidal,EpiEstim,1600,4
13,0.0,Sinusoidal,EpiEstim,1600,4
14,0.0,Sinusoidal,EpiEstim,1600,4
15,0.0,Sinusoidal,EpiEstim,1600,4
16,0.0,Sinusoidal,EpiEstim,1600,4
17,0.0,Sinusoidal,EpiEstim,1600,4
18,0.0,Sinusoidal,EpiEstim,1600,4
19,0.0,Sinusoidal,EpiEstim,1600,4
20,0.0,Sinusoidal,EpiEstim,1600,4
21,0.0,Sinusoidal,EpiEstim,1600,4
22,0.0,Sinusoidal,EpiEstim,1600,4
23,0.0,Sinusoidal,EpiEstim,1600,4
24,0.0,Sinusoidal,EpiEstim,1600,4
25,0.0,Sinusoidal,EpiEstim,1600,4
26,0.0,Sinusoidal,EpiEstim,1600,4
27,0.0,Sinusoidal,EpiEstim,1600,4
28,0.0,Sinusoidal,EpiEstim,1600,4
29,0.0,Sinusoidal,EpiEstim,1600,4
30,0.0,Sinusoidal,EpiEstim,1600,4
1,1.0,Sinusoidal,EpiEstim,3200,4
2,4.09089394340962e-239,Sinusoidal,EpiEstim,3200,4
3,0.0,Sinusoidal,EpiEstim,3200,4
4,0.0,Sinusoidal,EpiEstim,3200,4
5,0.0,Sinusoidal,EpiEstim,3200,4
6,0.0,Sinusoidal,EpiEstim,3200,4
7,0.0,Sinusoidal,EpiEstim,3200,4
8,0.0,Sinusoidal,EpiEstim,3200,4
9,0.0,Sinusoidal,EpiEstim,3200,4
10,0.0,Sinusoidal,EpiEstim,3200,4
11,0.0,Sinusoidal,EpiEstim,3200,4
12,0.0,Sinusoidal,EpiEstim,3200,4
13,0.0,Sinusoidal,EpiEstim,3200,4
14,0.0,Sinusoidal,EpiEstim,3200,4
15,0.0,Sinusoidal,EpiEstim,3200,4
16,0.0,Sinusoidal,EpiEstim,3200,4
17,0.0,Sinusoidal,EpiEstim,3200,4
18,0.0,Sinusoidal,EpiEstim,3200,4
19,0.0,Sinusoidal,EpiEstim,3200,4
20,0.0,Sinusoidal,EpiEstim,3200,4
21,0.0,Sinusoidal,EpiEstim,3200,4
22,0.0,Sinusoidal,EpiEstim,3200,4
23,0.0,Sinusoidal,EpiEstim,3200,4
24,0.0,Sinusoidal,EpiEstim,3200,4
25,0.0,Sinusoidal,EpiEstim,3200,4
26,0.0,Sinusoidal,EpiEstim,3200,4
27,0.0,Sinusoidal,EpiEstim,3200,4
28,0.0,Sinusoidal,EpiEstim,3200,4
29,0.0,Sinusoidal,EpiEstim,3200,4
30,0.0,Sinusoidal,EpiEstim,3200,4
1,6.431990584902768e-67,Sinusoidal,EpiEstim,25,5
2,0.9998928946122447,Sinusoidal,EpiEstim,25,5
3,0.00010710538762904072,Sinusoidal,EpiEstim,25,5
4,1.2638658769611807e-13,Sinusoidal,EpiEstim,25,5
5,4.8559833159955325e-26,Sinusoidal,EpiEstim,25,5
6,7.401239130669752e-40,Sinusoidal,EpiEstim,25,5
7,2.341258103219752e-56,Sinusoidal,EpiEstim,25,5
8,2.2723360126547663e-73,Sinusoidal,EpiEstim,25,5
9,4.115674828323713e-88,Sinusoidal,EpiEstim,25,5
10,2.6174712747333678e-101,Sinusoidal,EpiEstim,25,5
11,9.357200657542577e-113,Sinusoidal,EpiEstim,25,5
12,2.216982273446552e-121,Sinusoidal,EpiEstim,25,5
13,1.9224003402573243e-127,Sinusoidal,EpiEstim,25,5
14,2.5747743513512075e-130,Sinusoidal,EpiEstim,25,5
15,7.640390086521618e-130,Sinusoidal,EpiEstim,25,5
16,6.8844672653024846e-127,Sinusoidal,EpiEstim,25,5
17,1.9209880903634655e-121,Sinusoidal,EpiEstim,25,5
18,3.455081907132616e-114,Sinusoidal,EpiEstim,25,5
19,4.173752252967457e-106,Sinusoidal,EpiEstim,25,5
20,2.552695367456751e-97,Sinusoidal,EpiEstim,25,5
21,1.1633933428181814e-88,Sinusoidal,EpiEstim,25,5
22,6.879440974989265e-81,Sinusoidal,EpiEstim,25,5
23,1.4837866943301616e-74,Sinusoidal,EpiEstim,25,5
24,5.623748121285959e-70,Sinusoidal,EpiEstim,25,5
25,3.229542908705944e-67,Sinusoidal,EpiEstim,25,5
26,7.597086617407265e-66,Sinusoidal,EpiEstim,25,5
27,2.2721891415949314e-66,Sinusoidal,EpiEstim,25,5
28,2.0038480564971866e-68,Sinusoidal,EpiEstim,25,5
29,1.517802528465375e-71,Sinusoidal,EpiEstim,25,5
30,2.3393331921343964e-75,Sinusoidal,EpiEstim,25,5
1,5.6737068978620686e-77,Sinusoidal,EpiEstim,50,5
2,0.9999999997614297,Sinusoidal,EpiEstim,50,5
3,2.3857028801204256e-10,Sinusoidal,EpiEstim,50,5
4,8.080892568112554e-29,Sinusoidal,EpiEstim,50,5
5,4.4389086993588194e-55,Sinusoidal,EpiEstim,50,5
6,8.768572195441836e-85,Sinusoidal,EpiEstim,50,5
7,4.892854333268334e-117,Sinusoidal,EpiEstim,50,5
8,4.03176707315446e-148,Sinusoidal,EpiEstim,50,5
9,1.9749672101028387e-176,Sinusoidal,EpiEstim,50,5
10,7.717903420459246e-202,Sinusoidal,EpiEstim,50,5
11,7.139786359730939e-224,Sinusoidal,EpiEstim,50,5
12,6.854321910662011e-240,Sinusoidal,EpiEstim,50,5
13,2.3677029508132366e-250,Sinusoidal,EpiEstim,50,5
14,3.1103942412636363e-255,Sinusoidal,EpiEstim,50,5
15,9.004324530467227e-255,Sinusoidal,EpiEstim,50,5
16,1.5212129107946961e-248,Sinusoidal,EpiEstim,50,5
17,4.395870259559699e-238,Sinusoidal,EpiEstim,50,5
18,4.536920071345167e-224,Sinusoidal,EpiEstim,50,5
19,2.1293167868855913e-208,Sinusoidal,EpiEstim,50,5
20,1.00781905215559e-191,Sinusoidal,EpiEstim,50,5
21,2.353432925454123e-175,Sinusoidal,EpiEstim,50,5
22,5.05250230022786e-161,Sinusoidal,EpiEstim,50,5
23,2.3171233450305916e-149,Sinusoidal,EpiEstim,50,5
24,1.0269175150530587e-140,Sinusoidal,EpiEstim,50,5
25,5.367820057352742e-135,Sinusoidal,EpiEstim,50,5
26,7.527315642869948e-133,Sinusoidal,EpiEstim,50,5
27,7.476852799337389e-134,Sinusoidal,EpiEstim,50,5
28,1.3438637707533332e-137,Sinusoidal,EpiEstim,50,5
29,2.245602942412588e-143,Sinusoidal,EpiEstim,50,5
30,1.40114336618046e-150,Sinusoidal,EpiEstim,50,5
1,1.128579424018775e-78,Sinusoidal,EpiEstim,100,5
2,0.9999999999970144,Sinusoidal,EpiEstim,100,5
3,2.9856299745051142e-12,Sinusoidal,EpiEstim,100,5
4,2.675948519002123e-35,Sinusoidal,EpiEstim,100,5
5,6.289239746675858e-66,Sinusoidal,EpiEstim,100,5
6,2.1846879541251906e-101,Sinusoidal,EpiEstim,100,5
7,4.24493924985035e-138,Sinusoidal,EpiEstim,100,5
8,1.7774308548716317e-175,Sinusoidal,EpiEstim,100,5
9,3.747212975048694e-210,Sinusoidal,EpiEstim,100,5
10,6.055007169101033e-241,Sinusoidal,EpiEstim,100,5
11,1.0197029486297313e-267,Sinusoidal,EpiEstim,100,5
12,1.0092055352485444e-287,Sinusoidal,EpiEstim,100,5
13,2.687682521725096e-301,Sinusoidal,EpiEstim,100,5
14,1.731767164888165e-308,Sinusoidal,EpiEstim,100,5
15,7.681565488425577e-308,Sinusoidal,EpiEstim,100,5
16,7.277648217810296e-302,Sinusoidal,EpiEstim,100,5
17,4.8306096936794305e-290,Sinusoidal,EpiEstim,100,5
18,1.642358913336412e-274,Sinusoidal,EpiEstim,100,5
19,1.507047811723203e-256,Sinusoidal,EpiEstim,100,5
20,1.233967709505546e-236,Sinusoidal,EpiEstim,100,5
21,9.008002191416587e-218,Sinusoidal,EpiEstim,100,5
22,1.781648022245812e-201,Sinusoidal,EpiEstim,100,5
23,2.7719658354954395e-187,Sinusoidal,EpiEstim,100,5
24,7.818724997995635e-177,Sinusoidal,EpiEstim,100,5
25,1.8518264976765356e-170,Sinusoidal,EpiEstim,100,5
26,3.594042669026479e-168,Sinusoidal,EpiEstim,100,5
27,3.425760805465975e-169,Sinusoidal,EpiEstim,100,5
28,7.4937069508177425e-174,Sinusoidal,EpiEstim,100,5
29,1.3642715794638257e-180,Sinusoidal,EpiEstim,100,5
30,1.6206431497159648e-189,Sinusoidal,EpiEstim,100,5
1,2.587420386373116e-83,Sinusoidal,EpiEstim,200,5
2,1.0,Sinusoidal,EpiEstim,200,5
3,5.634691641199844e-53,Sinusoidal,EpiEstim,200,5
4,5.644253715120711e-124,Sinusoidal,EpiEstim,200,5
5,1.3210061730355522e-214,Sinusoidal,EpiEstim,200,5
6,1.591074e-318,Sinusoidal,EpiEstim,200,5
7,0.0,Sinusoidal,EpiEstim,200,5
8,0.0,Sinusoidal,EpiEstim,200,5
9,0.0,Sinusoidal,EpiEstim,200,5
10,0.0,Sinusoidal,EpiEstim,200,5
11,0.0,Sinusoidal,EpiEstim,200,5
12,0.0,Sinusoidal,EpiEstim,200,5
13,0.0,Sinusoidal,EpiEstim,200,5
14,0.0,Sinusoidal,EpiEstim,200,5
15,0.0,Sinusoidal,EpiEstim,200,5
16,0.0,Sinusoidal,EpiEstim,200,5
17,0.0,Sinusoidal,EpiEstim,200,5
18,0.0,Sinusoidal,EpiEstim,200,5
19,0.0,Sinusoidal,EpiEstim,200,5
20,0.0,Sinusoidal,EpiEstim,200,5
21,0.0,Sinusoidal,EpiEstim,200,5
22,0.0,Sinusoidal,EpiEstim,200,5
23,0.0,Sinusoidal,EpiEstim,200,5
24,0.0,Sinusoidal,EpiEstim,200,5
25,0.0,Sinusoidal,EpiEstim,200,5
26,0.0,Sinusoidal,EpiEstim,200,5
27,0.0,Sinusoidal,EpiEstim,200,5
28,0.0,Sinusoidal,EpiEstim,200,5
29,0.0,Sinusoidal,EpiEstim,200,5
30,0.0,Sinusoidal,EpiEstim,200,5
1,5.31218279678293e-76,Sinusoidal,EpiEstim,400,5
2,1.0,Sinusoidal,EpiEstim,400,5
3,5.1961161681217164e-89,Sinusoidal,EpiEstim,400,5
4,1.0989286751194027e-217,Sinusoidal,EpiEstim,400,5
5,0.0,Sinusoidal,EpiEstim,400,5
6,0.0,Sinusoidal,EpiEstim,400,5
7,0.0,Sinusoidal,EpiEstim,400,5
8,0.0,Sinusoidal,EpiEstim,400,5
9,0.0,Sinusoidal,EpiEstim,400,5
10,0.0,Sinusoidal,EpiEstim,400,5
11,0.0,Sinusoidal,EpiEstim,400,5
12,0.0,Sinusoidal,EpiEstim,400,5
13,0.0,Sinusoidal,EpiEstim,400,5
14,0.0,Sinusoidal,EpiEstim,400,5
15,0.0,Sinusoidal,EpiEstim,400,5
16,0.0,Sinusoidal,EpiEstim,400,5
17,0.0,Sinusoidal,EpiEstim,400,5
18,0.0,Sinusoidal,EpiEstim,400,5
19,0.0,Sinusoidal,EpiEstim,400,5
20,0.0,Sinusoidal,EpiEstim,400,5
21,0.0,Sinusoidal,EpiEstim,400,5
22,0.0,Sinusoidal,EpiEstim,400,5
23,0.0,Sinusoidal,EpiEstim,400,5
24,0.0,Sinusoidal,EpiEstim,400,5
25,0.0,Sinusoidal,EpiEstim,400,5
26,0.0,Sinusoidal,EpiEstim,400,5
27,0.0,Sinusoidal,EpiEstim,400,5
28,0.0,Sinusoidal,EpiEstim,400,5
29,0.0,Sinusoidal,EpiEstim,400,5
30,0.0,Sinusoidal,EpiEstim,400,5
1,1.0907223380204498e-29,Sinusoidal,EpiEstim,800,5
2,1.0,Sinusoidal,EpiEstim,800,5
3,4.9326324964725784e-197,Sinusoidal,EpiEstim,800,5
4,0.0,Sinusoidal,EpiEstim,800,5
5,0.0,Sinusoidal,EpiEstim,800,5
6,0.0,Sinusoidal,EpiEstim,800,5
7,0.0,Sinusoidal,EpiEstim,800,5
8,0.0,Sinusoidal,EpiEstim,800,5
9,0.0,Sinusoidal,EpiEstim,800,5
10,0.0,Sinusoidal,EpiEstim,800,5
11,0.0,Sinusoidal,EpiEstim,800,5
12,0.0,Sinusoidal,EpiEstim,800,5
13,0.0,Sinusoidal,EpiEstim,800,5
14,0.0,Sinusoidal,EpiEstim,800,5
15,0.0,Sinusoidal,EpiEstim,800,5
16,0.0,Sinusoidal,EpiEstim,800,5
17,0.0,Sinusoidal,EpiEstim,800,5
18,0.0,Sinusoidal,EpiEstim,800,5
19,0.0,Sinusoidal,EpiEstim,800,5
20,0.0,Sinusoidal,EpiEstim,800,5
21,0.0,Sinusoidal,EpiEstim,800,5
22,0.0,Sinusoidal,EpiEstim,800,5
23,0.0,Sinusoidal,EpiEstim,800,5
24,0.0,Sinusoidal,EpiEstim,800,5
25,0.0,Sinusoidal,EpiEstim,800,5
26,0.0,Sinusoidal,EpiEstim,800,5
27,0.0,Sinusoidal,EpiEstim,800,5
28,0.0,Sinusoidal,EpiEstim,800,5
29,0.0,Sinusoidal,EpiEstim,800,5
30,0.0,Sinusoidal,EpiEstim,800,5
1,1.0,Sinusoidal,EpiEstim,1600,5
2,6.123815984220576e-57,Sinusoidal,EpiEstim,1600,5
3,0.0,Sinusoidal,EpiEstim,1600,5
4,0.0,Sinusoidal,EpiEstim,1600,5
5,0.0,Sinusoidal,EpiEstim,1600,5
6,0.0,Sinusoidal,EpiEstim,1600,5
7,0.0,Sinusoidal,EpiEstim,1600,5
8,0.0,Sinusoidal,EpiEstim,1600,5
9,0.0,Sinusoidal,EpiEstim,1600,5
10,0.0,Sinusoidal,EpiEstim,1600,5
11,0.0,Sinusoidal,EpiEstim,1600,5
12,0.0,Sinusoidal,EpiEstim,1600,5
13,0.0,Sinusoidal,EpiEstim,1600,5
14,0.0,Sinusoidal,EpiEstim,1600,5
15,0.0,Sinusoidal,EpiEstim,1600,5
16,0.0,Sinusoidal,EpiEstim,1600,5
17,0.0,Sinusoidal,EpiEstim,1600,5
18,0.0,Sinusoidal,EpiEstim,1600,5
19,0.0,Sinusoidal,EpiEstim,1600,5
20,0.0,Sinusoidal,EpiEstim,1600,5
21,0.0,Sinusoidal,EpiEstim,1600,5
22,0.0,Sinusoidal,EpiEstim,1600,5
23,0.0,Sinusoidal,EpiEstim,1600,5
24,0.0,Sinusoidal,EpiEstim,1600,5
25,0.0,Sinusoidal,EpiEstim,1600,5
26,0.0,Sinusoidal,EpiEstim,1600,5
27,0.0,Sinusoidal,EpiEstim,1600,5
28,0.0,Sinusoidal,EpiEstim,1600,5
29,0.0,Sinusoidal,EpiEstim,1600,5
30,0.0,Sinusoidal,EpiEstim,1600,5
1,1.0,Sinusoidal,EpiEstim,3200,5
2,2.4360458577115996e-226,Sinusoidal,EpiEstim,3200,5
3,0.0,Sinusoidal,EpiEstim,3200,5
4,0.0,Sinusoidal,EpiEstim,3200,5
5,0.0,Sinusoidal,EpiEstim,3200,5
6,0.0,Sinusoidal,EpiEstim,3200,5
7,0.0,Sinusoidal,EpiEstim,3200,5
8,0.0,Sinusoidal,EpiEstim,3200,5
9,0.0,Sinusoidal,EpiEstim,3200,5
10,0.0,Sinusoidal,EpiEstim,3200,5
11,0.0,Sinusoidal,EpiEstim,3200,5
12,0.0,Sinusoidal,EpiEstim,3200,5
13,0.0,Sinusoidal,EpiEstim,3200,5
14,0.0,Sinusoidal,EpiEstim,3200,5
15,0.0,Sinusoidal,EpiEstim,3200,5
16,0.0,Sinusoidal,EpiEstim,3200,5
17,0.0,Sinusoidal,EpiEstim,3200,5
18,0.0,Sinusoidal,EpiEstim,3200,5
19,0.0,Sinusoidal,EpiEstim,3200,5
20,0.0,Sinusoidal,EpiEstim,3200,5
21,0.0,Sinusoidal,EpiEstim,3200,5
22,0.0,Sinusoidal,EpiEstim,3200,5
23,0.0,Sinusoidal,EpiEstim,3200,5
24,0.0,Sinusoidal,EpiEstim,3200,5
25,0.0,Sinusoidal,EpiEstim,3200,5
26,0.0,Sinusoidal,EpiEstim,3200,5
27,0.0,Sinusoidal,EpiEstim,3200,5
28,0.0,Sinusoidal,EpiEstim,3200,5
29,0.0,Sinusoidal,EpiEstim,3200,5
30,0.0,Sinusoidal,EpiEstim,3200,5
1,4.341683124118162e-64,Sinusoidal,EpiEstim,25,6
2,0.9995496796824686,Sinusoidal,EpiEstim,25,6
3,0.0004495994148523885,Sinusoidal,EpiEstim,25,6
4,7.209026180883427e-7,Sinusoidal,EpiEstim,25,6
5,6.10225266121757e-14,Sinusoidal,EpiEstim,25,6
6,5.108495586727739e-22,Sinusoidal,EpiEstim,25,6
7,6.4547322347746766e-31,Sinusoidal,EpiEstim,25,6
8,2.6479542975342823e-41,Sinusoidal,EpiEstim,25,6
9,2.3717254835487135e-50,Sinusoidal,EpiEstim,25,6
10,8.900516265725913e-58,Sinusoidal,EpiEstim,25,6
11,2.4519263275057534e-64,Sinusoidal,EpiEstim,25,6
12,6.622370790606588e-69,Sinusoidal,EpiEstim,25,6
13,2.874725577408077e-72,Sinusoidal,EpiEstim,25,6
14,2.432266906423793e-73,Sinusoidal,EpiEstim,25,6
15,4.524245761631886e-73,Sinusoidal,EpiEstim,25,6
16,1.276447436157943e-71,Sinusoidal,EpiEstim,25,6
17,1.3957764943126643e-68,Sinusoidal,EpiEstim,25,6
18,2.2769388054645178e-64,Sinusoidal,EpiEstim,25,6
19,1.2121266229685273e-59,Sinusoidal,EpiEstim,25,6
20,6.902392564890002e-55,Sinusoidal,EpiEstim,25,6
21,3.686062341746995e-50,Sinusoidal,EpiEstim,25,6
22,7.131991267267633e-46,Sinusoidal,EpiEstim,25,6
23,3.328123231360976e-42,Sinusoidal,EpiEstim,25,6
24,2.3837347057670133e-39,Sinusoidal,EpiEstim,25,6
25,1.3700520030468606e-37,Sinusoidal,EpiEstim,25,6
26,6.681242595991166e-37,Sinusoidal,EpiEstim,25,6
27,5.507366299178067e-37,Sinusoidal,EpiEstim,25,6
28,6.712891237337507e-38,Sinusoidal,EpiEstim,25,6
29,1.8246560649509007e-39,Sinusoidal,EpiEstim,25,6
30,1.6966929715395795e-41,Sinusoidal,EpiEstim,25,6
1,3.681029983250296e-75,Sinusoidal,EpiEstim,50,6
2,0.999999673466158,Sinusoidal,EpiEstim,50,6
3,3.265338419499801e-7,Sinusoidal,EpiEstim,50,6
4,5.605160852841971e-20,Sinusoidal,EpiEstim,50,6
5,2.0352420843555088e-37,Sinusoidal,EpiEstim,50,6
6,4.967370883215866e-56,Sinusoidal,EpiEstim,50,6
7,1.3350635945701877e-74,Sinusoidal,EpiEstim,50,6
8,8.82862560059606e-95,Sinusoidal,EpiEstim,50,6
9,3.769148083959977e-114,Sinusoidal,EpiEstim,50,6
10,2.6139934814172027e-130,Sinusoidal,EpiEstim,50,6
11,1.029168393484352e-143,Sinusoidal,EpiEstim,50,6
12,2.816189436692247e-154,Sinusoidal,EpiEstim,50,6
13,3.291247995334283e-161,Sinusoidal,EpiEstim,50,6
14,2.0331144842290813e-165,Sinusoidal,EpiEstim,50,6
15,1.0254738883679421e-165,Sinusoidal,EpiEstim,50,6
16,5.3124782433476494e-163,Sinusoidal,EpiEstim,50,6
17,3.663604047897475e-156,Sinusoidal,EpiEstim,50,6
18,8.154271342097682e-147,Sinusoidal,EpiEstim,50,6
19,2.621586571576733e-137,Sinusoidal,EpiEstim,50,6
20,2.723189628561367e-127,Sinusoidal,EpiEstim,50,6
21,3.277730138456032e-117,Sinusoidal,EpiEstim,50,6
22,2.907965774699236e-108,Sinusoidal,EpiEstim,50,6
23,1.9033563696809875e-100,Sinusoidal,EpiEstim,50,6
24,2.5603362823297025e-94,Sinusoidal,EpiEstim,50,6
25,7.300227639176755e-91,Sinusoidal,EpiEstim,50,6
26,9.7147460634692e-90,Sinusoidal,EpiEstim,50,6
27,5.253763272917522e-90,Sinusoidal,EpiEstim,50,6
28,2.083814642201278e-92,Sinusoidal,EpiEstim,50,6
29,1.2502045904545403e-95,Sinusoidal,EpiEstim,50,6
30,5.279091329376834e-100,Sinusoidal,EpiEstim,50,6
1,1.3469349391613158e-84,Sinusoidal,EpiEstim,100,6
2,1.0,Sinusoidal,EpiEstim,100,6
3,9.324195474487861e-22,Sinusoidal,EpiEstim,100,6
4,4.771364883909027e-55,Sinusoidal,EpiEstim,100,6
5,1.5549860975690351e-96,Sinusoidal,EpiEstim,100,6
6,3.765335009420279e-144,Sinusoidal,EpiEstim,100,6
7,6.05081670205519e-194,Sinusoidal,EpiEstim,100,6
8,1.6365430409388916e-242,Sinusoidal,EpiEstim,100,6
9,3.920918092086823e-287,Sinusoidal,EpiEstim,100,6
10,0.0,Sinusoidal,EpiEstim,100,6
11,0.0,Sinusoidal,EpiEstim,100,6
12,0.0,Sinusoidal,EpiEstim,100,6
13,0.0,Sinusoidal,EpiEstim,100,6
14,0.0,Sinusoidal,EpiEstim,100,6
15,0.0,Sinusoidal,EpiEstim,100,6
16,0.0,Sinusoidal,EpiEstim,100,6
17,0.0,Sinusoidal,EpiEstim,100,6
18,0.0,Sinusoidal,EpiEstim,100,6
19,0.0,Sinusoidal,EpiEstim,100,6
20,1.27407032847e-312,Sinusoidal,EpiEstim,100,6
21,1.6964065705608303e-288,Sinusoidal,EpiEstim,100,6
22,1.1841214371856295e-266,Sinusoidal,EpiEstim,100,6
23,2.19949986409402e-248,Sinusoidal,EpiEstim,100,6
24,2.0336558929871357e-234,Sinusoidal,EpiEstim,100,6
25,2.400453128417075e-226,Sinusoidal,EpiEstim,100,6
26,1.15005030390211e-223,Sinusoidal,EpiEstim,100,6
27,8.051800615214846e-226,Sinusoidal,EpiEstim,100,6
28,1.2637564225885632e-231,Sinusoidal,EpiEstim,100,6
29,9.60904111638872e-241,Sinusoidal,EpiEstim,100,6
30,5.790287486782678e-252,Sinusoidal,EpiEstim,100,6
1,2.88733839600024e-84,Sinusoidal,EpiEstim,200,6
2,1.0,Sinusoidal,EpiEstim,200,6
3,6.835225517478535e-47,Sinusoidal,EpiEstim,200,6
4,1.6580988447115918e-113,Sinusoidal,EpiEstim,200,6
5,9.121927534775001e-194,Sinusoidal,EpiEstim,200,6
6,8.637713007699561e-285,Sinusoidal,EpiEstim,200,6
7,0.0,Sinusoidal,EpiEstim,200,6
8,0.0,Sinusoidal,EpiEstim,200,6
9,0.0,Sinusoidal,EpiEstim,200,6
10,0.0,Sinusoidal,EpiEstim,200,6
11,0.0,Sinusoidal,EpiEstim,200,6
12,0.0,Sinusoidal,EpiEstim,200,6
13,0.0,Sinusoidal,EpiEstim,200,6
14,0.0,Sinusoidal,EpiEstim,200,6
15,0.0,Sinusoidal,EpiEstim,200,6
16,0.0,Sinusoidal,EpiEstim,200,6
17,0.0,Sinusoidal,EpiEstim,200,6
18,0.0,Sinusoidal,EpiEstim,200,6
19,0.0,Sinusoidal,EpiEstim,200,6
20,0.0,Sinusoidal,EpiEstim,200,6
21,0.0,Sinusoidal,EpiEstim,200,6
22,0.0,Sinusoidal,EpiEstim,200,6
23,0.0,Sinusoidal,EpiEstim,200,6
24,0.0,Sinusoidal,EpiEstim,200,6
25,0.0,Sinusoidal,EpiEstim,200,6
26,0.0,Sinusoidal,EpiEstim,200,6
27,0.0,Sinusoidal,EpiEstim,200,6
28,0.0,Sinusoidal,EpiEstim,200,6
29,0.0,Sinusoidal,EpiEstim,200,6
30,0.0,Sinusoidal,EpiEstim,200,6
1,7.88005739659952e-78,Sinusoidal,EpiEstim,400,6
2,1.0,Sinusoidal,EpiEstim,400,6
3,2.4030275680543786e-88,Sinusoidal,EpiEstim,400,6
4,1.6654090576290444e-216,Sinusoidal,EpiEstim,400,6
5,0.0,Sinusoidal,EpiEstim,400,6
6,0.0,Sinusoidal,EpiEstim,400,6
7,0.0,Sinusoidal,EpiEstim,400,6
8,0.0,Sinusoidal,EpiEstim,400,6
9,0.0,Sinusoidal,EpiEstim,400,6
10,0.0,Sinusoidal,EpiEstim,400,6
11,0.0,Sinusoidal,EpiEstim,400,6
12,0.0,Sinusoidal,EpiEstim,400,6
13,0.0,Sinusoidal,EpiEstim,400,6
14,0.0,Sinusoidal,EpiEstim,400,6
15,0.0,Sinusoidal,EpiEstim,400,6
16,0.0,Sinusoidal,EpiEstim,400,6
17,0.0,Sinusoidal,EpiEstim,400,6
18,0.0,Sinusoidal,EpiEstim,400,6
19,0.0,Sinusoidal,EpiEstim,400,6
20,0.0,Sinusoidal,EpiEstim,400,6
21,0.0,Sinusoidal,EpiEstim,400,6
22,0.0,Sinusoidal,EpiEstim,400,6
23,0.0,Sinusoidal,EpiEstim,400,6
24,0.0,Sinusoidal,EpiEstim,400,6
25,0.0,Sinusoidal,EpiEstim,400,6
26,0.0,Sinusoidal,EpiEstim,400,6
27,0.0,Sinusoidal,EpiEstim,400,6
28,0.0,Sinusoidal,EpiEstim,400,6
29,0.0,Sinusoidal,EpiEstim,400,6
30,0.0,Sinusoidal,EpiEstim,400,6
1,2.5734335761537546e-41,Sinusoidal,EpiEstim,800,6
2,1.0,Sinusoidal,EpiEstim,800,6
3,1.7316658965948635e-182,Sinusoidal,EpiEstim,800,6
4,0.0,Sinusoidal,EpiEstim,800,6
5,0.0,Sinusoidal,EpiEstim,800,6
6,0.0,Sinusoidal,EpiEstim,800,6
7,0.0,Sinusoidal,EpiEstim,800,6
8,0.0,Sinusoidal,EpiEstim,800,6
9,0.0,Sinusoidal,EpiEstim,800,6
10,0.0,Sinusoidal,EpiEstim,800,6
11,0.0,Sinusoidal,EpiEstim,800,6
12,0.0,Sinusoidal,EpiEstim,800,6
13,0.0,Sinusoidal,EpiEstim,800,6
14,0.0,Sinusoidal,EpiEstim,800,6
15,0.0,Sinusoidal,EpiEstim,800,6
16,0.0,Sinusoidal,EpiEstim,800,6
17,0.0,Sinusoidal,EpiEstim,800,6
18,0.0,Sinusoidal,EpiEstim,800,6
19,0.0,Sinusoidal,EpiEstim,800,6
20,0.0,Sinusoidal,EpiEstim,800,6
21,0.0,Sinusoidal,EpiEstim,800,6
22,0.0,Sinusoidal,EpiEstim,800,6
23,0.0,Sinusoidal,EpiEstim,800,6
24,0.0,Sinusoidal,EpiEstim,800,6
25,0.0,Sinusoidal,EpiEstim,800,6
26,0.0,Sinusoidal,EpiEstim,800,6
27,0.0,Sinusoidal,EpiEstim,800,6
28,0.0,Sinusoidal,EpiEstim,800,6
29,0.0,Sinusoidal,EpiEstim,800,6
30,0.0,Sinusoidal,EpiEstim,800,6
1,1.0,Sinusoidal,EpiEstim,1600,6
2,8.541245945278635e-58,Sinusoidal,EpiEstim,1600,6
3,0.0,Sinusoidal,EpiEstim,1600,6
4,0.0,Sinusoidal,EpiEstim,1600,6
5,0.0,Sinusoidal,EpiEstim,1600,6
6,0.0,Sinusoidal,EpiEstim,1600,6
7,0.0,Sinusoidal,EpiEstim,1600,6
8,0.0,Sinusoidal,EpiEstim,1600,6
9,0.0,Sinusoidal,EpiEstim,1600,6
10,0.0,Sinusoidal,EpiEstim,1600,6
11,0.0,Sinusoidal,EpiEstim,1600,6
12,0.0,Sinusoidal,EpiEstim,1600,6
13,0.0,Sinusoidal,EpiEstim,1600,6
14,0.0,Sinusoidal,EpiEstim,1600,6
15,0.0,Sinusoidal,EpiEstim,1600,6
16,0.0,Sinusoidal,EpiEstim,1600,6
17,0.0,Sinusoidal,EpiEstim,1600,6
18,0.0,Sinusoidal,EpiEstim,1600,6
19,0.0,Sinusoidal,EpiEstim,1600,6
20,0.0,Sinusoidal,EpiEstim,1600,6
21,0.0,Sinusoidal,EpiEstim,1600,6
22,0.0,Sinusoidal,EpiEstim,1600,6
23,0.0,Sinusoidal,EpiEstim,1600,6
24,0.0,Sinusoidal,EpiEstim,1600,6
25,0.0,Sinusoidal,EpiEstim,1600,6
26,0.0,Sinusoidal,EpiEstim,1600,6
27,0.0,Sinusoidal,EpiEstim,1600,6
28,0.0,Sinusoidal,EpiEstim,1600,6
29,0.0,Sinusoidal,EpiEstim,1600,6
30,0.0,Sinusoidal,EpiEstim,1600,6
1,1.0,Sinusoidal,EpiEstim,3200,6
2,3.100492907785792e-260,Sinusoidal,EpiEstim,3200,6
3,0.0,Sinusoidal,EpiEstim,3200,6
4,0.0,Sinusoidal,EpiEstim,3200,6
5,0.0,Sinusoidal,EpiEstim,3200,6
6,0.0,Sinusoidal,EpiEstim,3200,6
7,0.0,Sinusoidal,EpiEstim,3200,6
8,0.0,Sinusoidal,EpiEstim,3200,6
9,0.0,Sinusoidal,EpiEstim,3200,6
10,0.0,Sinusoidal,EpiEstim,3200,6
11,0.0,Sinusoidal,EpiEstim,3200,6
12,0.0,Sinusoidal,EpiEstim,3200,6
13,0.0,Sinusoidal,EpiEstim,3200,6
14,0.0,Sinusoidal,EpiEstim,3200,6
15,0.0,Sinusoidal,EpiEstim,3200,6
16,0.0,Sinusoidal,EpiEstim,3200,6
17,0.0,Sinusoidal,EpiEstim,3200,6
18,0.0,Sinusoidal,EpiEstim,3200,6
19,0.0,Sinusoidal,EpiEstim,3200,6
20,0.0,Sinusoidal,EpiEstim,3200,6
21,0.0,Sinusoidal,EpiEstim,3200,6
22,0.0,Sinusoidal,EpiEstim,3200,6
23,0.0,Sinusoidal,EpiEstim,3200,6
24,0.0,Sinusoidal,EpiEstim,3200,6
25,0.0,Sinusoidal,EpiEstim,3200,6
26,0.0,Sinusoidal,EpiEstim,3200,6
27,0.0,Sinusoidal,EpiEstim,3200,6
28,0.0,Sinusoidal,EpiEstim,3200,6
29,0.0,Sinusoidal,EpiEstim,3200,6
30,0.0,Sinusoidal,EpiEstim,3200,6
1,2.2963285159934747e-73,Sinusoidal,EpiEstim,25,7
2,0.814480142225466,Sinusoidal,EpiEstim,25,7
3,0.18551985471541618,Sinusoidal,EpiEstim,25,7
4,3.0591178141052846e-9,Sinusoidal,EpiEstim,25,7
5,7.370091768448752e-22,Sinusoidal,EpiEstim,25,7
6,1.2569246701696136e-35,Sinusoidal,EpiEstim,25,7
7,1.8164232980998896e-50,Sinusoidal,EpiEstim,25,7
8,2.5345826746492217e-64,Sinusoidal,EpiEstim,25,7
9,1.9309039598199012e-77,Sinusoidal,EpiEstim,25,7
10,1.626735791409171e-89,Sinusoidal,EpiEstim,25,7
11,1.3097148130404279e-99,Sinusoidal,EpiEstim,25,7
12,7.900944571360641e-107,Sinusoidal,EpiEstim,25,7
13,4.618597416388903e-112,Sinusoidal,EpiEstim,25,7
14,3.1171562350230338e-114,Sinusoidal,EpiEstim,25,7
15,1.650786576334552e-113,Sinusoidal,EpiEstim,25,7
16,1.1870485657268152e-110,Sinusoidal,EpiEstim,25,7
17,8.118116464455451e-106,Sinusoidal,EpiEstim,25,7
18,3.090788383826514e-99,Sinusoidal,EpiEstim,25,7
19,7.696986805298155e-92,Sinusoidal,EpiEstim,25,7
20,3.0960924566243507e-84,Sinusoidal,EpiEstim,25,7
21,4.7304814457173005e-77,Sinusoidal,EpiEstim,25,7
22,2.0558100307713256e-70,Sinusoidal,EpiEstim,25,7
23,6.205130542740961e-65,Sinusoidal,EpiEstim,25,7
24,3.4760801417350545e-61,Sinusoidal,EpiEstim,25,7
25,9.104144377557385e-59,Sinusoidal,EpiEstim,25,7
26,8.060599536273301e-58,Sinusoidal,EpiEstim,25,7
27,2.8187494314408678e-58,Sinusoidal,EpiEstim,25,7
28,4.137001238071262e-60,Sinusoidal,EpiEstim,25,7
29,1.1120774149876616e-62,Sinusoidal,EpiEstim,25,7
30,7.426862537722826e-66,Sinusoidal,EpiEstim,25,7
1,6.063377487224588e-77,Sinusoidal,EpiEstim,50,7
2,0.9999998971199168,Sinusoidal,EpiEstim,50,7
3,1.0288008318395064e-7,Sinusoidal,EpiEstim,50,7
4,1.5654663737538072e-22,Sinusoidal,EpiEstim,50,7
5,3.08935657187079e-42,Sinusoidal,EpiEstim,50,7
6,5.3801952953614285e-65,Sinusoidal,EpiEstim,50,7
7,5.80233673620019e-88,Sinusoidal,EpiEstim,50,7
8,4.8402693799138515e-110,Sinusoidal,EpiEstim,50,7
9,1.5718135598739747e-132,Sinusoidal,EpiEstim,50,7
10,4.2825611446692475e-151,Sinusoidal,EpiEstim,50,7
11,8.720052388189938e-167,Sinusoidal,EpiEstim,50,7
12,5.98537469999976e-179,Sinusoidal,EpiEstim,50,7
13,4.033415764121695e-187,Sinusoidal,EpiEstim,50,7
14,5.787397766896147e-191,Sinusoidal,EpiEstim,50,7
15,2.1018524886100065e-191,Sinusoidal,EpiEstim,50,7
16,4.93022640404225e-188,Sinusoidal,EpiEstim,50,7
17,8.769773294579679e-181,Sinusoidal,EpiEstim,50,7
18,4.057215934541186e-171,Sinusoidal,EpiEstim,50,7
19,1.9586929914414948e-159,Sinusoidal,EpiEstim,50,7
20,2.9690744188801014e-147,Sinusoidal,EpiEstim,50,7
21,1.7889971409607487e-135,Sinusoidal,EpiEstim,50,7
22,8.137323895334281e-125,Sinusoidal,EpiEstim,50,7
23,8.97765790938018e-116,Sinusoidal,EpiEstim,50,7
24,5.9328293168240275e-109,Sinusoidal,EpiEstim,50,7
25,3.7843285944641564e-105,Sinusoidal,EpiEstim,50,7
26,2.7431546752627353e-103,Sinusoidal,EpiEstim,50,7
27,4.3321392549527264e-104,Sinusoidal,EpiEstim,50,7
28,1.1644909321492638e-106,Sinusoidal,EpiEstim,50,7
29,1.2121523018148817e-110,Sinusoidal,EpiEstim,50,7
30,1.4394066121223565e-115,Sinusoidal,EpiEstim,50,7
1,9.727482285633834e-88,Sinusoidal,EpiEstim,100,7
2,1.0,Sinusoidal,EpiEstim,100,7
3,1.886366656516587e-20,Sinusoidal,EpiEstim,100,7
4,9.42910621050823e-53,Sinusoidal,EpiEstim,100,7
5,2.6154499322137802e-92,Sinusoidal,EpiEstim,100,7
6,6.056858260185371e-138,Sinusoidal,EpiEstim,100,7
7,8.60855474760424e-185,Sinusoidal,EpiEstim,100,7
8,2.4952611179959577e-232,Sinusoidal,EpiEstim,100,7
9,7.804280101629242e-277,Sinusoidal,EpiEstim,100,7
10,2.55357533e-316,Sinusoidal,EpiEstim,100,7
11,0.0,Sinusoidal,EpiEstim,100,7
12,0.0,Sinusoidal,EpiEstim,100,7
13,0.0,Sinusoidal,EpiEstim,100,7
14,0.0,Sinusoidal,EpiEstim,100,7
15,0.0,Sinusoidal,EpiEstim,100,7
16,0.0,Sinusoidal,EpiEstim,100,7
17,0.0,Sinusoidal,EpiEstim,100,7
18,0.0,Sinusoidal,EpiEstim,100,7
19,0.0,Sinusoidal,EpiEstim,100,7
20,2.08729599165e-313,Sinusoidal,EpiEstim,100,7
21,1.5610195762096088e-289,Sinusoidal,EpiEstim,100,7
22,1.4498171658682598e-267,Sinusoidal,EpiEstim,100,7
23,5.27130258107617e-249,Sinusoidal,EpiEstim,100,7
24,7.048151667331704e-235,Sinusoidal,EpiEstim,100,7
25,3.252795028034878e-225,Sinusoidal,EpiEstim,100,7
26,5.941797506433826e-221,Sinusoidal,EpiEstim,100,7
27,2.43954346959922e-221,Sinusoidal,EpiEstim,100,7
28,1.2321125277852895e-225,Sinusoidal,EpiEstim,100,7
29,4.5038967820528925e-233,Sinusoidal,EpiEstim,100,7
30,3.8791048253919577e-243,Sinusoidal,EpiEstim,100,7
1,5.6990140966849185e-84,Sinusoidal,EpiEstim,200,7
2,1.0,Sinusoidal,EpiEstim,200,7
3,7.094358585766942e-44,Sinusoidal,EpiEstim,200,7
4,1.3744665638518467e-111,Sinusoidal,EpiEstim,200,7
5,1.328151038074042e-193,Sinusoidal,EpiEstim,200,7
6,1.3130268086933602e-287,Sinusoidal,EpiEstim,200,7
7,0.0,Sinusoidal,EpiEstim,200,7
8,0.0,Sinusoidal,EpiEstim,200,7
9,0.0,Sinusoidal,EpiEstim,200,7
10,0.0,Sinusoidal,EpiEstim,200,7
11,0.0,Sinusoidal,EpiEstim,200,7
12,0.0,Sinusoidal,EpiEstim,200,7
13,0.0,Sinusoidal,EpiEstim,200,7
14,0.0,Sinusoidal,EpiEstim,200,7
15,0.0,Sinusoidal,EpiEstim,200,7
16,0.0,Sinusoidal,EpiEstim,200,7
17,0.0,Sinusoidal,EpiEstim,200,7
18,0.0,Sinusoidal,EpiEstim,200,7
19,0.0,Sinusoidal,EpiEstim,200,7
20,0.0,Sinusoidal,EpiEstim,200,7
21,0.0,Sinusoidal,EpiEstim,200,7
22,0.0,Sinusoidal,EpiEstim,200,7
23,0.0,Sinusoidal,EpiEstim,200,7
24,0.0,Sinusoidal,EpiEstim,200,7
25,0.0,Sinusoidal,EpiEstim,200,7
26,0.0,Sinusoidal,EpiEstim,200,7
27,0.0,Sinusoidal,EpiEstim,200,7
28,0.0,Sinusoidal,EpiEstim,200,7
29,0.0,Sinusoidal,EpiEstim,200,7
30,0.0,Sinusoidal,EpiEstim,200,7
1,5.883189575496333e-79,Sinusoidal,EpiEstim,400,7
2,1.0,Sinusoidal,EpiEstim,400,7
3,8.389214088071995e-95,Sinusoidal,EpiEstim,400,7
4,1.4826419589934028e-232,Sinusoidal,EpiEstim,400,7
5,0.0,Sinusoidal,EpiEstim,400,7
6,0.0,Sinusoidal,EpiEstim,400,7
7,0.0,Sinusoidal,EpiEstim,400,7
8,0.0,Sinusoidal,EpiEstim,400,7
9,0.0,Sinusoidal,EpiEstim,400,7
10,0.0,Sinusoidal,EpiEstim,400,7
11,0.0,Sinusoidal,EpiEstim,400,7
12,0.0,Sinusoidal,EpiEstim,400,7
13,0.0,Sinusoidal,EpiEstim,400,7
14,0.0,Sinusoidal,EpiEstim,400,7
15,0.0,Sinusoidal,EpiEstim,400,7
16,0.0,Sinusoidal,EpiEstim,400,7
17,0.0,Sinusoidal,EpiEstim,400,7
18,0.0,Sinusoidal,EpiEstim,400,7
19,0.0,Sinusoidal,EpiEstim,400,7
20,0.0,Sinusoidal,EpiEstim,400,7
21,0.0,Sinusoidal,EpiEstim,400,7
22,0.0,Sinusoidal,EpiEstim,400,7
23,0.0,Sinusoidal,EpiEstim,400,7
24,0.0,Sinusoidal,EpiEstim,400,7
25,0.0,Sinusoidal,EpiEstim,400,7
26,0.0,Sinusoidal,EpiEstim,400,7
27,0.0,Sinusoidal,EpiEstim,400,7
28,0.0,Sinusoidal,EpiEstim,400,7
29,0.0,Sinusoidal,EpiEstim,400,7
30,0.0,Sinusoidal,EpiEstim,400,7
1,1.7264904348064176e-41,Sinusoidal,EpiEstim,800,7
2,1.0,Sinusoidal,EpiEstim,800,7
3,6.5602925188756195e-177,Sinusoidal,EpiEstim,800,7
4,0.0,Sinusoidal,EpiEstim,800,7
5,0.0,Sinusoidal,EpiEstim,800,7
6,0.0,Sinusoidal,EpiEstim,800,7
7,0.0,Sinusoidal,EpiEstim,800,7
8,0.0,Sinusoidal,EpiEstim,800,7
9,0.0,Sinusoidal,EpiEstim,800,7
10,0.0,Sinusoidal,EpiEstim,800,7
11,0.0,Sinusoidal,EpiEstim,800,7
12,0.0,Sinusoidal,EpiEstim,800,7
13,0.0,Sinusoidal,EpiEstim,800,7
14,0.0,Sinusoidal,EpiEstim,800,7
15,0.0,Sinusoidal,EpiEstim,800,7
16,0.0,Sinusoidal,EpiEstim,800,7
17,0.0,Sinusoidal,EpiEstim,800,7
18,0.0,Sinusoidal,EpiEstim,800,7
19,0.0,Sinusoidal,EpiEstim,800,7
20,0.0,Sinusoidal,EpiEstim,800,7
21,0.0,Sinusoidal,EpiEstim,800,7
22,0.0,Sinusoidal,EpiEstim,800,7
23,0.0,Sinusoidal,EpiEstim,800,7
24,0.0,Sinusoidal,EpiEstim,800,7
25,0.0,Sinusoidal,EpiEstim,800,7
26,0.0,Sinusoidal,EpiEstim,800,7
27,0.0,Sinusoidal,EpiEstim,800,7
28,0.0,Sinusoidal,EpiEstim,800,7
29,0.0,Sinusoidal,EpiEstim,800,7
30,0.0,Sinusoidal,EpiEstim,800,7
1,1.0,Sinusoidal,EpiEstim,1600,7
2,1.1988291304043817e-44,Sinusoidal,EpiEstim,1600,7
3,0.0,Sinusoidal,EpiEstim,1600,7
4,0.0,Sinusoidal,EpiEstim,1600,7
5,0.0,Sinusoidal,EpiEstim,1600,7
6,0.0,Sinusoidal,EpiEstim,1600,7
7,0.0,Sinusoidal,EpiEstim,1600,7
8,0.0,Sinusoidal,EpiEstim,1600,7
9,0.0,Sinusoidal,EpiEstim,1600,7
10,0.0,Sinusoidal,EpiEstim,1600,7
11,0.0,Sinusoidal,EpiEstim,1600,7
12,0.0,Sinusoidal,EpiEstim,1600,7
13,0.0,Sinusoidal,EpiEstim,1600,7
14,0.0,Sinusoidal,EpiEstim,1600,7
15,0.0,Sinusoidal,EpiEstim,1600,7
16,0.0,Sinusoidal,EpiEstim,1600,7
17,0.0,Sinusoidal,EpiEstim,1600,7
18,0.0,Sinusoidal,EpiEstim,1600,7
19,0.0,Sinusoidal,EpiEstim,1600,7
20,0.0,Sinusoidal,EpiEstim,1600,7
21,0.0,Sinusoidal,EpiEstim,1600,7
22,0.0,Sinusoidal,EpiEstim,1600,7
23,0.0,Sinusoidal,EpiEstim,1600,7
24,0.0,Sinusoidal,EpiEstim,1600,7
25,0.0,Sinusoidal,EpiEstim,1600,7
26,0.0,Sinusoidal,EpiEstim,1600,7
27,0.0,Sinusoidal,EpiEstim,1600,7
28,0.0,Sinusoidal,EpiEstim,1600,7
29,0.0,Sinusoidal,EpiEstim,1600,7
30,0.0,Sinusoidal,EpiEstim,1600,7
1,1.0,Sinusoidal,EpiEstim,3200,7
2,4.8326252912773664e-239,Sinusoidal,EpiEstim,3200,7
3,0.0,Sinusoidal,EpiEstim,3200,7
4,0.0,Sinusoidal,EpiEstim,3200,7
5,0.0,Sinusoidal,EpiEstim,3200,7
6,0.0,Sinusoidal,EpiEstim,3200,7
7,0.0,Sinusoidal,EpiEstim,3200,7
8,0.0,Sinusoidal,EpiEstim,3200,7
9,0.0,Sinusoidal,EpiEstim,3200,7
10,0.0,Sinusoidal,EpiEstim,3200,7
11,0.0,Sinusoidal,EpiEstim,3200,7
12,0.0,Sinusoidal,EpiEstim,3200,7
13,0.0,Sinusoidal,EpiEstim,3200,7
14,0.0,Sinusoidal,EpiEstim,3200,7
15,0.0,Sinusoidal,EpiEstim,3200,7
16,0.0,Sinusoidal,EpiEstim,3200,7
17,0.0,Sinusoidal,EpiEstim,3200,7
18,0.0,Sinusoidal,EpiEstim,3200,7
19,0.0,Sinusoidal,EpiEstim,3200,7
20,0.0,Sinusoidal,EpiEstim,3200,7
21,0.0,Sinusoidal,EpiEstim,3200,7
22,0.0,Sinusoidal,EpiEstim,3200,7
23,0.0,Sinusoidal,EpiEstim,3200,7
24,0.0,Sinusoidal,EpiEstim,3200,7
25,0.0,Sinusoidal,EpiEstim,3200,7
26,0.0,Sinusoidal,EpiEstim,3200,7
27,0.0,Sinusoidal,EpiEstim,3200,7
28,0.0,Sinusoidal,EpiEstim,3200,7
29,0.0,Sinusoidal,EpiEstim,3200,7
30,0.0,Sinusoidal,EpiEstim,3200,7
1,1.2068170919868711e-65,Sinusoidal,EpiEstim,25,8
2,0.9714989149589506,Sinusoidal,EpiEstim,25,8
3,0.028501064829427283,Sinusoidal,EpiEstim,25,8
4,2.0211621952677978e-8,Sinusoidal,EpiEstim,25,8
5,7.021961149312497e-20,Sinusoidal,EpiEstim,25,8
6,2.2581489038134254e-30,Sinusoidal,EpiEstim,25,8
7,6.022939239026692e-43,Sinusoidal,EpiEstim,25,8
8,3.2291518060168857e-55,Sinusoidal,EpiEstim,25,8
9,6.471155850899149e-67,Sinusoidal,EpiEstim,25,8
10,2.8734323543325884e-77,Sinusoidal,EpiEstim,25,8
11,4.4350125473403437e-85,Sinusoidal,EpiEstim,25,8
12,1.8996022822161157e-91,Sinusoidal,EpiEstim,25,8
13,3.0915878003700755e-95,Sinusoidal,EpiEstim,25,8
14,6.152585019667131e-97,Sinusoidal,EpiEstim,25,8
15,1.56407872223393e-96,Sinusoidal,EpiEstim,25,8
16,1.7924084919364993e-94,Sinusoidal,EpiEstim,25,8
17,9.037306769410079e-91,Sinusoidal,EpiEstim,25,8
18,7.049935028237488e-85,Sinusoidal,EpiEstim,25,8
19,9.501642777218645e-79,Sinusoidal,EpiEstim,25,8
20,6.436890413271392e-72,Sinusoidal,EpiEstim,25,8
21,6.104068647418659e-65,Sinusoidal,EpiEstim,25,8
22,1.632470194488393e-59,Sinusoidal,EpiEstim,25,8
23,6.966510231842031e-55,Sinusoidal,EpiEstim,25,8
24,1.7293643365853696e-51,Sinusoidal,EpiEstim,25,8
25,1.9189407744658993e-49,Sinusoidal,EpiEstim,25,8
26,1.1013009540619429e-48,Sinusoidal,EpiEstim,25,8
27,1.3801803446271261e-49,Sinusoidal,EpiEstim,25,8
28,3.918393988335412e-51,Sinusoidal,EpiEstim,25,8
29,1.3956286195375613e-53,Sinusoidal,EpiEstim,25,8
30,2.2636157991569467e-56,Sinusoidal,EpiEstim,25,8
1,1.3198467276637581e-70,Sinusoidal,EpiEstim,50,8
2,0.9999368144308569,Sinusoidal,EpiEstim,50,8
3,6.318556914096164e-5,Sinusoidal,EpiEstim,50,8
4,2.1669270428436716e-15,Sinusoidal,EpiEstim,50,8
5,3.5544268854748495e-30,Sinusoidal,EpiEstim,50,8
6,2.106783175460892e-47,Sinusoidal,EpiEstim,50,8
7,6.65788341272022e-65,Sinusoidal,EpiEstim,50,8
8,6.383498582635597e-84,Sinusoidal,EpiEstim,50,8
9,3.3697126101529053e-102,Sinusoidal,EpiEstim,50,8
10,8.857760754073746e-118,Sinusoidal,EpiEstim,50,8
11,3.119577768523968e-132,Sinusoidal,EpiEstim,50,8
12,3.217639739002728e-142,Sinusoidal,EpiEstim,50,8
13,8.26444235032987e-149,Sinusoidal,EpiEstim,50,8
14,6.4718347548345265e-152,Sinusoidal,EpiEstim,50,8
15,8.94409298200556e-152,Sinusoidal,EpiEstim,50,8
16,2.4308156062236704e-148,Sinusoidal,EpiEstim,50,8
17,4.284724054431065e-143,Sinusoidal,EpiEstim,50,8
18,4.9567933314839416e-135,Sinusoidal,EpiEstim,50,8
19,2.602663981186626e-125,Sinusoidal,EpiEstim,50,8
20,5.407002699784793e-115,Sinusoidal,EpiEstim,50,8
21,1.27969391218922e-105,Sinusoidal,EpiEstim,50,8
22,7.311996946221609e-97,Sinusoidal,EpiEstim,50,8
23,6.898812047039367e-90,Sinusoidal,EpiEstim,50,8
24,5.02690604707463e-84,Sinusoidal,EpiEstim,50,8
25,2.977726055048913e-80,Sinusoidal,EpiEstim,50,8
26,2.4729305950853887e-78,Sinusoidal,EpiEstim,50,8
27,2.7838603803339497e-78,Sinusoidal,EpiEstim,50,8
28,1.9490190380787928e-80,Sinusoidal,EpiEstim,50,8
29,5.294646923805022e-84,Sinusoidal,EpiEstim,50,8
30,3.72667356628184e-88,Sinusoidal,EpiEstim,50,8
1,6.797115756120025e-90,Sinusoidal,EpiEstim,100,8
2,1.0,Sinusoidal,EpiEstim,100,8
3,1.34359625240569e-18,Sinusoidal,EpiEstim,100,8
4,1.40472458158858e-50,Sinusoidal,EpiEstim,100,8
5,3.606963743998769e-92,Sinusoidal,EpiEstim,100,8
6,5.762928464322303e-139,Sinusoidal,EpiEstim,100,8
7,3.509921682723667e-188,Sinusoidal,EpiEstim,100,8
8,6.009278058446765e-236,Sinusoidal,EpiEstim,100,8
9,2.7780671657087795e-280,Sinusoidal,EpiEstim,100,8
10,7.192e-320,Sinusoidal,EpiEstim,100,8
11,0.0,Sinusoidal,EpiEstim,100,8
12,0.0,Sinusoidal,EpiEstim,100,8
13,0.0,Sinusoidal,EpiEstim,100,8
14,0.0,Sinusoidal,EpiEstim,100,8
15,0.0,Sinusoidal,EpiEstim,100,8
16,0.0,Sinusoidal,EpiEstim,100,8
17,0.0,Sinusoidal,EpiEstim,100,8
18,0.0,Sinusoidal,EpiEstim,100,8
19,0.0,Sinusoidal,EpiEstim,100,8
20,3.0573485675e-314,Sinusoidal,EpiEstim,100,8
21,1.5229520576016732e-289,Sinusoidal,EpiEstim,100,8
22,8.831888782008455e-267,Sinusoidal,EpiEstim,100,8
23,5.099703589536542e-248,Sinusoidal,EpiEstim,100,8
24,9.446140219681819e-234,Sinusoidal,EpiEstim,100,8
25,1.7842816116671953e-224,Sinusoidal,EpiEstim,100,8
26,3.909447904451053e-220,Sinusoidal,EpiEstim,100,8
27,1.4581389593443179e-220,Sinusoidal,EpiEstim,100,8
28,1.2971382739515872e-225,Sinusoidal,EpiEstim,100,8
29,9.92390488606878e-234,Sinusoidal,EpiEstim,100,8
30,2.468359122688973e-244,Sinusoidal,EpiEstim,100,8
1,1.0110400352755445e-87,Sinusoidal,EpiEstim,200,8
2,1.0,Sinusoidal,EpiEstim,200,8
3,4.5848307066756826e-36,Sinusoidal,EpiEstim,200,8
4,1.979320034308347e-91,Sinusoidal,EpiEstim,200,8
5,1.1251502036134339e-161,Sinusoidal,EpiEstim,200,8
6,5.6386387880031625e-242,Sinusoidal,EpiEstim,200,8
7,0.0,Sinusoidal,EpiEstim,200,8
8,0.0,Sinusoidal,EpiEstim,200,8
9,0.0,Sinusoidal,EpiEstim,200,8
10,0.0,Sinusoidal,EpiEstim,200,8
11,0.0,Sinusoidal,EpiEstim,200,8
12,0.0,Sinusoidal,EpiEstim,200,8
13,0.0,Sinusoidal,EpiEstim,200,8
14,0.0,Sinusoidal,EpiEstim,200,8
15,0.0,Sinusoidal,EpiEstim,200,8
16,0.0,Sinusoidal,EpiEstim,200,8
17,0.0,Sinusoidal,EpiEstim,200,8
18,0.0,Sinusoidal,EpiEstim,200,8
19,0.0,Sinusoidal,EpiEstim,200,8
20,0.0,Sinusoidal,EpiEstim,200,8
21,0.0,Sinusoidal,EpiEstim,200,8
22,0.0,Sinusoidal,EpiEstim,200,8
23,0.0,Sinusoidal,EpiEstim,200,8
24,0.0,Sinusoidal,EpiEstim,200,8
25,0.0,Sinusoidal,EpiEstim,200,8
26,0.0,Sinusoidal,EpiEstim,200,8
27,0.0,Sinusoidal,EpiEstim,200,8
28,0.0,Sinusoidal,EpiEstim,200,8
29,0.0,Sinusoidal,EpiEstim,200,8
30,0.0,Sinusoidal,EpiEstim,200,8
1,5.614775456474382e-69,Sinusoidal,EpiEstim,400,8
2,1.0,Sinusoidal,EpiEstim,400,8
3,9.103498112208561e-104,Sinusoidal,EpiEstim,400,8
4,7.192763804384941e-254,Sinusoidal,EpiEstim,400,8
5,0.0,Sinusoidal,EpiEstim,400,8
6,0.0,Sinusoidal,EpiEstim,400,8
7,0.0,Sinusoidal,EpiEstim,400,8
8,0.0,Sinusoidal,EpiEstim,400,8
9,0.0,Sinusoidal,EpiEstim,400,8
10,0.0,Sinusoidal,EpiEstim,400,8
11,0.0,Sinusoidal,EpiEstim,400,8
12,0.0,Sinusoidal,EpiEstim,400,8
13,0.0,Sinusoidal,EpiEstim,400,8
14,0.0,Sinusoidal,EpiEstim,400,8
15,0.0,Sinusoidal,EpiEstim,400,8
16,0.0,Sinusoidal,EpiEstim,400,8
17,0.0,Sinusoidal,EpiEstim,400,8
18,0.0,Sinusoidal,EpiEstim,400,8
19,0.0,Sinusoidal,EpiEstim,400,8
20,0.0,Sinusoidal,EpiEstim,400,8
21,0.0,Sinusoidal,EpiEstim,400,8
22,0.0,Sinusoidal,EpiEstim,400,8
23,0.0,Sinusoidal,EpiEstim,400,8
24,0.0,Sinusoidal,EpiEstim,400,8
25,0.0,Sinusoidal,EpiEstim,400,8
26,0.0,Sinusoidal,EpiEstim,400,8
27,0.0,Sinusoidal,EpiEstim,400,8
28,0.0,Sinusoidal,EpiEstim,400,8
29,0.0,Sinusoidal,EpiEstim,400,8
30,0.0,Sinusoidal,EpiEstim,400,8
1,1.5560032993471683e-30,Sinusoidal,EpiEstim,800,8
2,1.0,Sinusoidal,EpiEstim,800,8
3,7.057959753024907e-187,Sinusoidal,EpiEstim,800,8
4,0.0,Sinusoidal,EpiEstim,800,8
5,0.0,Sinusoidal,EpiEstim,800,8
6,0.0,Sinusoidal,EpiEstim,800,8
7,0.0,Sinusoidal,EpiEstim,800,8
8,0.0,Sinusoidal,EpiEstim,800,8
9,0.0,Sinusoidal,EpiEstim,800,8
10,0.0,Sinusoidal,EpiEstim,800,8
11,0.0,Sinusoidal,EpiEstim,800,8
12,0.0,Sinusoidal,EpiEstim,800,8
13,0.0,Sinusoidal,EpiEstim,800,8
14,0.0,Sinusoidal,EpiEstim,800,8
15,0.0,Sinusoidal,EpiEstim,800,8
16,0.0,Sinusoidal,EpiEstim,800,8
17,0.0,Sinusoidal,EpiEstim,800,8
18,0.0,Sinusoidal,EpiEstim,800,8
19,0.0,Sinusoidal,EpiEstim,800,8
20,0.0,Sinusoidal,EpiEstim,800,8
21,0.0,Sinusoidal,EpiEstim,800,8
22,0.0,Sinusoidal,EpiEstim,800,8
23,0.0,Sinusoidal,EpiEstim,800,8
24,0.0,Sinusoidal,EpiEstim,800,8
25,0.0,Sinusoidal,EpiEstim,800,8
26,0.0,Sinusoidal,EpiEstim,800,8
27,0.0,Sinusoidal,EpiEstim,800,8
28,0.0,Sinusoidal,EpiEstim,800,8
29,0.0,Sinusoidal,EpiEstim,800,8
30,0.0,Sinusoidal,EpiEstim,800,8
1,1.0,Sinusoidal,EpiEstim,1600,8
2,2.382129822313426e-65,Sinusoidal,EpiEstim,1600,8
3,0.0,Sinusoidal,EpiEstim,1600,8
4,0.0,Sinusoidal,EpiEstim,1600,8
5,0.0,Sinusoidal,EpiEstim,1600,8
6,0.0,Sinusoidal,EpiEstim,1600,8
7,0.0,Sinusoidal,EpiEstim,1600,8
8,0.0,Sinusoidal,EpiEstim,1600,8
9,0.0,Sinusoidal,EpiEstim,1600,8
10,0.0,Sinusoidal,EpiEstim,1600,8
11,0.0,Sinusoidal,EpiEstim,1600,8
12,0.0,Sinusoidal,EpiEstim,1600,8
13,0.0,Sinusoidal,EpiEstim,1600,8
14,0.0,Sinusoidal,EpiEstim,1600,8
15,0.0,Sinusoidal,EpiEstim,1600,8
16,0.0,Sinusoidal,EpiEstim,1600,8
17,0.0,Sinusoidal,EpiEstim,1600,8
18,0.0,Sinusoidal,EpiEstim,1600,8
19,0.0,Sinusoidal,EpiEstim,1600,8
20,0.0,Sinusoidal,EpiEstim,1600,8
21,0.0,Sinusoidal,EpiEstim,1600,8
22,0.0,Sinusoidal,EpiEstim,1600,8
23,0.0,Sinusoidal,EpiEstim,1600,8
24,0.0,Sinusoidal,EpiEstim,1600,8
25,0.0,Sinusoidal,EpiEstim,1600,8
26,0.0,Sinusoidal,EpiEstim,1600,8
27,0.0,Sinusoidal,EpiEstim,1600,8
28,0.0,Sinusoidal,EpiEstim,1600,8
29,0.0,Sinusoidal,EpiEstim,1600,8
30,0.0,Sinusoidal,EpiEstim,1600,8
1,1.0,Sinusoidal,EpiEstim,3200,8
2,4.393552334220444e-248,Sinusoidal,EpiEstim,3200,8
3,0.0,Sinusoidal,EpiEstim,3200,8
4,0.0,Sinusoidal,EpiEstim,3200,8
5,0.0,Sinusoidal,EpiEstim,3200,8
6,0.0,Sinusoidal,EpiEstim,3200,8
7,0.0,Sinusoidal,EpiEstim,3200,8
8,0.0,Sinusoidal,EpiEstim,3200,8
9,0.0,Sinusoidal,EpiEstim,3200,8
10,0.0,Sinusoidal,EpiEstim,3200,8
11,0.0,Sinusoidal,EpiEstim,3200,8
12,0.0,Sinusoidal,EpiEstim,3200,8
13,0.0,Sinusoidal,EpiEstim,3200,8
14,0.0,Sinusoidal,EpiEstim,3200,8
15,0.0,Sinusoidal,EpiEstim,3200,8
16,0.0,Sinusoidal,EpiEstim,3200,8
17,0.0,Sinusoidal,EpiEstim,3200,8
18,0.0,Sinusoidal,EpiEstim,3200,8
19,0.0,Sinusoidal,EpiEstim,3200,8
20,0.0,Sinusoidal,EpiEstim,3200,8
21,0.0,Sinusoidal,EpiEstim,3200,8
22,0.0,Sinusoidal,EpiEstim,3200,8
23,0.0,Sinusoidal,EpiEstim,3200,8
24,0.0,Sinusoidal,EpiEstim,3200,8
25,0.0,Sinusoidal,EpiEstim,3200,8
26,0.0,Sinusoidal,EpiEstim,3200,8
27,0.0,Sinusoidal,EpiEstim,3200,8
28,0.0,Sinusoidal,EpiEstim,3200,8
29,0.0,Sinusoidal,EpiEstim,3200,8
30,0.0,Sinusoidal,EpiEstim,3200,8
1,5.176785302986666e-61,Sinusoidal,EpiEstim,25,9
2,0.03140225917394841,Sinusoidal,EpiEstim,25,9
3,0.9683143857307044,Sinusoidal,EpiEstim,25,9
4,0.00028335509500689005,Sinusoidal,EpiEstim,25,9
5,3.4025789999410347e-13,Sinusoidal,EpiEstim,25,9
6,2.120291008598068e-20,Sinusoidal,EpiEstim,25,9
7,1.158018549896119e-28,Sinusoidal,EpiEstim,25,9
8,4.181303665058529e-38,Sinusoidal,EpiEstim,25,9
9,1.4650207573751202e-46,Sinusoidal,EpiEstim,25,9
10,4.3295004521778855e-55,Sinusoidal,EpiEstim,25,9
11,2.5121321907466187e-62,Sinusoidal,EpiEstim,25,9
12,2.50421986185373e-67,Sinusoidal,EpiEstim,25,9
13,3.5614644844391627e-71,Sinusoidal,EpiEstim,25,9
14,8.148025863240431e-73,Sinusoidal,EpiEstim,25,9
15,7.49836227644424e-73,Sinusoidal,EpiEstim,25,9
16,1.2455812799808536e-71,Sinusoidal,EpiEstim,25,9
17,6.662413290546663e-69,Sinusoidal,EpiEstim,25,9
18,6.080986910231815e-65,Sinusoidal,EpiEstim,25,9
19,1.54707879060922e-60,Sinusoidal,EpiEstim,25,9
20,2.0271583192914733e-55,Sinusoidal,EpiEstim,25,9
21,1.1882434069828042e-50,Sinusoidal,EpiEstim,25,9
22,2.2800670777618075e-46,Sinusoidal,EpiEstim,25,9
23,8.156573056073298e-43,Sinusoidal,EpiEstim,25,9
24,6.255386699080513e-40,Sinusoidal,EpiEstim,25,9
25,9.182396139869421e-38,Sinusoidal,EpiEstim,25,9
26,6.200724062052625e-37,Sinusoidal,EpiEstim,25,9
27,4.9051705850925645e-37,Sinusoidal,EpiEstim,25,9
28,8.254680551703879e-38,Sinusoidal,EpiEstim,25,9
29,2.1687008764114978e-39,Sinusoidal,EpiEstim,25,9
30,2.8309294215233537e-41,Sinusoidal,EpiEstim,25,9
1,8.498515910213816e-76,Sinusoidal,EpiEstim,50,9
2,0.9999142308586242,Sinusoidal,EpiEstim,50,9
3,8.57691413756957e-5,Sinusoidal,EpiEstim,50,9
4,1.5494431003133984e-19,Sinusoidal,EpiEstim,50,9
5,1.5316199758487284e-37,Sinusoidal,EpiEstim,50,9
6,1.2237656342313899e-59,Sinusoidal,EpiEstim,50,9
7,1.6352405973959332e-83,Sinusoidal,EpiEstim,50,9
8,8.044133444249756e-107,Sinusoidal,EpiEstim,50,9
9,1.449673878941046e-128,Sinusoidal,EpiEstim,50,9
10,1.264719664249568e-148,Sinusoidal,EpiEstim,50,9
11,6.36615507951019e-165,Sinusoidal,EpiEstim,50,9
12,5.336609079608885e-177,Sinusoidal,EpiEstim,50,9
13,2.100377209189731e-185,Sinusoidal,EpiEstim,50,9
14,2.6470459767598818e-188,Sinusoidal,EpiEstim,50,9
15,1.985453642859943e-187,Sinusoidal,EpiEstim,50,9
16,2.307488176090167e-182,Sinusoidal,EpiEstim,50,9
17,1.0965912082541065e-174,Sinusoidal,EpiEstim,50,9
18,3.583615789117929e-164,Sinusoidal,EpiEstim,50,9
19,4.007158384586551e-152,Sinusoidal,EpiEstim,50,9
20,1.2712932547199815e-139,Sinusoidal,EpiEstim,50,9
21,5.518837935057046e-128,Sinusoidal,EpiEstim,50,9
22,2.4627914725194866e-117,Sinusoidal,EpiEstim,50,9
23,1.527403218178127e-108,Sinusoidal,EpiEstim,50,9
24,9.95021496750098e-102,Sinusoidal,EpiEstim,50,9
25,5.458670808733631e-98,Sinusoidal,EpiEstim,50,9
26,1.6102150039325068e-96,Sinusoidal,EpiEstim,50,9
27,1.1223619071181161e-97,Sinusoidal,EpiEstim,50,9
28,8.509581953283506e-101,Sinusoidal,EpiEstim,50,9
29,1.344095698499434e-105,Sinusoidal,EpiEstim,50,9
30,3.0309447358916315e-111,Sinusoidal,EpiEstim,50,9
1,7.8309641851444415e-84,Sinusoidal,EpiEstim,100,9
2,0.9999999999999925,Sinusoidal,EpiEstim,100,9
3,7.478000159535232e-15,Sinusoidal,EpiEstim,100,9
4,9.636551611713e-44,Sinusoidal,EpiEstim,100,9
5,1.7713268841766918e-78,Sinusoidal,EpiEstim,100,9
6,8.269590978910889e-118,Sinusoidal,EpiEstim,100,9
7,5.782497738523686e-159,Sinusoidal,EpiEstim,100,9
8,2.918109854988073e-199,Sinusoidal,EpiEstim,100,9
9,1.539198530164365e-237,Sinusoidal,EpiEstim,100,9
10,5.130955566865078e-272,Sinusoidal,EpiEstim,100,9
11,1.5616887377562542e-301,Sinusoidal,EpiEstim,100,9
12,0.0,Sinusoidal,EpiEstim,100,9
13,0.0,Sinusoidal,EpiEstim,100,9
14,0.0,Sinusoidal,EpiEstim,100,9
15,0.0,Sinusoidal,EpiEstim,100,9
16,0.0,Sinusoidal,EpiEstim,100,9
17,0.0,Sinusoidal,EpiEstim,100,9
18,5.4012118e-316,Sinusoidal,EpiEstim,100,9
19,2.607772614606541e-295,Sinusoidal,EpiEstim,100,9
20,6.963802026354078e-274,Sinusoidal,EpiEstim,100,9
21,1.5045901726997313e-252,Sinusoidal,EpiEstim,100,9
22,6.603480638832007e-233,Sinusoidal,EpiEstim,100,9
23,2.1041961728415745e-216,Sinusoidal,EpiEstim,100,9
24,1.3276506464434616e-203,Sinusoidal,EpiEstim,100,9
25,8.418497299438592e-195,Sinusoidal,EpiEstim,100,9
26,1.5384198625157506e-190,Sinusoidal,EpiEstim,100,9
27,2.7494665294288167e-190,Sinusoidal,EpiEstim,100,9
28,5.505550785814317e-194,Sinusoidal,EpiEstim,100,9
29,1.485484641882227e-200,Sinusoidal,EpiEstim,100,9
30,1.1312038372232938e-209,Sinusoidal,EpiEstim,100,9
1,4.0349663977000155e-83,Sinusoidal,EpiEstim,200,9
2,1.0,Sinusoidal,EpiEstim,200,9
3,1.9126087221017392e-50,Sinusoidal,EpiEstim,200,9
4,2.6923707887316588e-123,Sinusoidal,EpiEstim,200,9
5,1.5008331188048629e-210,Sinusoidal,EpiEstim,200,9
6,3.793504879989766e-307,Sinusoidal,EpiEstim,200,9
7,0.0,Sinusoidal,EpiEstim,200,9
8,0.0,Sinusoidal,EpiEstim,200,9
9,0.0,Sinusoidal,EpiEstim,200,9
10,0.0,Sinusoidal,EpiEstim,200,9
11,0.0,Sinusoidal,EpiEstim,200,9
12,0.0,Sinusoidal,EpiEstim,200,9
13,0.0,Sinusoidal,EpiEstim,200,9
14,0.0,Sinusoidal,EpiEstim,200,9
15,0.0,Sinusoidal,EpiEstim,200,9
16,0.0,Sinusoidal,EpiEstim,200,9
17,0.0,Sinusoidal,EpiEstim,200,9
18,0.0,Sinusoidal,EpiEstim,200,9
19,0.0,Sinusoidal,EpiEstim,200,9
20,0.0,Sinusoidal,EpiEstim,200,9
21,0.0,Sinusoidal,EpiEstim,200,9
22,0.0,Sinusoidal,EpiEstim,200,9
23,0.0,Sinusoidal,EpiEstim,200,9
24,0.0,Sinusoidal,EpiEstim,200,9
25,0.0,Sinusoidal,EpiEstim,200,9
26,0.0,Sinusoidal,EpiEstim,200,9
27,0.0,Sinusoidal,EpiEstim,200,9
28,0.0,Sinusoidal,EpiEstim,200,9
29,0.0,Sinusoidal,EpiEstim,200,9
30,0.0,Sinusoidal,EpiEstim,200,9
1,1.4494315686168188e-74,Sinusoidal,EpiEstim,400,9
2,1.0,Sinusoidal,EpiEstim,400,9
3,2.6668645635088427e-94,Sinusoidal,EpiEstim,400,9
4,1.0695523747620257e-226,Sinusoidal,EpiEstim,400,9
5,0.0,Sinusoidal,EpiEstim,400,9
6,0.0,Sinusoidal,EpiEstim,400,9
7,0.0,Sinusoidal,EpiEstim,400,9
8,0.0,Sinusoidal,EpiEstim,400,9
9,0.0,Sinusoidal,EpiEstim,400,9
10,0.0,Sinusoidal,EpiEstim,400,9
11,0.0,Sinusoidal,EpiEstim,400,9
12,0.0,Sinusoidal,EpiEstim,400,9
13,0.0,Sinusoidal,EpiEstim,400,9
14,0.0,Sinusoidal,EpiEstim,400,9
15,0.0,Sinusoidal,EpiEstim,400,9
16,0.0,Sinusoidal,EpiEstim,400,9
17,0.0,Sinusoidal,EpiEstim,400,9
18,0.0,Sinusoidal,EpiEstim,400,9
19,0.0,Sinusoidal,EpiEstim,400,9
20,0.0,Sinusoidal,EpiEstim,400,9
21,0.0,Sinusoidal,EpiEstim,400,9
22,0.0,Sinusoidal,EpiEstim,400,9
23,0.0,Sinusoidal,EpiEstim,400,9
24,0.0,Sinusoidal,EpiEstim,400,9
25,0.0,Sinusoidal,EpiEstim,400,9
26,0.0,Sinusoidal,EpiEstim,400,9
27,0.0,Sinusoidal,EpiEstim,400,9
28,0.0,Sinusoidal,EpiEstim,400,9
29,0.0,Sinusoidal,EpiEstim,400,9
30,0.0,Sinusoidal,EpiEstim,400,9
1,6.61789600161186e-45,Sinusoidal,EpiEstim,800,9
2,1.0,Sinusoidal,EpiEstim,800,9
3,7.962322435538463e-185,Sinusoidal,EpiEstim,800,9
4,0.0,Sinusoidal,EpiEstim,800,9
5,0.0,Sinusoidal,EpiEstim,800,9
6,0.0,Sinusoidal,EpiEstim,800,9
7,0.0,Sinusoidal,EpiEstim,800,9
8,0.0,Sinusoidal,EpiEstim,800,9
9,0.0,Sinusoidal,EpiEstim,800,9
10,0.0,Sinusoidal,EpiEstim,800,9
11,0.0,Sinusoidal,EpiEstim,800,9
12,0.0,Sinusoidal,EpiEstim,800,9
13,0.0,Sinusoidal,EpiEstim,800,9
14,0.0,Sinusoidal,EpiEstim,800,9
15,0.0,Sinusoidal,EpiEstim,800,9
16,0.0,Sinusoidal,EpiEstim,800,9
17,0.0,Sinusoidal,EpiEstim,800,9
18,0.0,Sinusoidal,EpiEstim,800,9
19,0.0,Sinusoidal,EpiEstim,800,9
20,0.0,Sinusoidal,EpiEstim,800,9
21,0.0,Sinusoidal,EpiEstim,800,9
22,0.0,Sinusoidal,EpiEstim,800,9
23,0.0,Sinusoidal,EpiEstim,800,9
24,0.0,Sinusoidal,EpiEstim,800,9
25,0.0,Sinusoidal,EpiEstim,800,9
26,0.0,Sinusoidal,EpiEstim,800,9
27,0.0,Sinusoidal,EpiEstim,800,9
28,0.0,Sinusoidal,EpiEstim,800,9
29,0.0,Sinusoidal,EpiEstim,800,9
30,0.0,Sinusoidal,EpiEstim,800,9
1,1.0,Sinusoidal,EpiEstim,1600,9
2,2.913735293553782e-57,Sinusoidal,EpiEstim,1600,9
3,0.0,Sinusoidal,EpiEstim,1600,9
4,0.0,Sinusoidal,EpiEstim,1600,9
5,0.0,Sinusoidal,EpiEstim,1600,9
6,0.0,Sinusoidal,EpiEstim,1600,9
7,0.0,Sinusoidal,EpiEstim,1600,9
8,0.0,Sinusoidal,EpiEstim,1600,9
9,0.0,Sinusoidal,EpiEstim,1600,9
10,0.0,Sinusoidal,EpiEstim,1600,9
11,0.0,Sinusoidal,EpiEstim,1600,9
12,0.0,Sinusoidal,EpiEstim,1600,9
13,0.0,Sinusoidal,EpiEstim,1600,9
14,0.0,Sinusoidal,EpiEstim,1600,9
15,0.0,Sinusoidal,EpiEstim,1600,9
16,0.0,Sinusoidal,EpiEstim,1600,9
17,0.0,Sinusoidal,EpiEstim,1600,9
18,0.0,Sinusoidal,EpiEstim,1600,9
19,0.0,Sinusoidal,EpiEstim,1600,9
20,0.0,Sinusoidal,EpiEstim,1600,9
21,0.0,Sinusoidal,EpiEstim,1600,9
22,0.0,Sinusoidal,EpiEstim,1600,9
23,0.0,Sinusoidal,EpiEstim,1600,9
24,0.0,Sinusoidal,EpiEstim,1600,9
25,0.0,Sinusoidal,EpiEstim,1600,9
26,0.0,Sinusoidal,EpiEstim,1600,9
27,0.0,Sinusoidal,EpiEstim,1600,9
28,0.0,Sinusoidal,EpiEstim,1600,9
29,0.0,Sinusoidal,EpiEstim,1600,9
30,0.0,Sinusoidal,EpiEstim,1600,9
1,1.0,Sinusoidal,EpiEstim,3200,9
2,2.8435924208417364e-254,Sinusoidal,EpiEstim,3200,9
3,0.0,Sinusoidal,EpiEstim,3200,9
4,0.0,Sinusoidal,EpiEstim,3200,9
5,0.0,Sinusoidal,EpiEstim,3200,9
6,0.0,Sinusoidal,EpiEstim,3200,9
7,0.0,Sinusoidal,EpiEstim,3200,9
8,0.0,Sinusoidal,EpiEstim,3200,9
9,0.0,Sinusoidal,EpiEstim,3200,9
10,0.0,Sinusoidal,EpiEstim,3200,9
11,0.0,Sinusoidal,EpiEstim,3200,9
12,0.0,Sinusoidal,EpiEstim,3200,9
13,0.0,Sinusoidal,EpiEstim,3200,9
14,0.0,Sinusoidal,EpiEstim,3200,9
15,0.0,Sinusoidal,EpiEstim,3200,9
16,0.0,Sinusoidal,EpiEstim,3200,9
17,0.0,Sinusoidal,EpiEstim,3200,9
18,0.0,Sinusoidal,EpiEstim,3200,9
19,0.0,Sinusoidal,EpiEstim,3200,9
20,0.0,Sinusoidal,EpiEstim,3200,9
21,0.0,Sinusoidal,EpiEstim,3200,9
22,0.0,Sinusoidal,EpiEstim,3200,9
23,0.0,Sinusoidal,EpiEstim,3200,9
24,0.0,Sinusoidal,EpiEstim,3200,9
25,0.0,Sinusoidal,EpiEstim,3200,9
26,0.0,Sinusoidal,EpiEstim,3200,9
27,0.0,Sinusoidal,EpiEstim,3200,9
28,0.0,Sinusoidal,EpiEstim,3200,9
29,0.0,Sinusoidal,EpiEstim,3200,9
30,0.0,Sinusoidal,EpiEstim,3200,9
1,2.135378618265972e-67,Sinusoidal,EpiEstim,25,10
2,0.0019850294888435456,Sinusoidal,EpiEstim,25,10
3,0.9980119918321535,Sinusoidal,EpiEstim,25,10
4,2.9786790021400495e-6,Sinusoidal,EpiEstim,25,10
5,7.210913040245851e-16,Sinusoidal,EpiEstim,25,10
6,7.858930047341915e-27,Sinusoidal,EpiEstim,25,10
7,2.4890599824546786e-37,Sinusoidal,EpiEstim,25,10
8,3.0721638101173763e-48,Sinusoidal,EpiEstim,25,10
9,7.692280149000412e-58,Sinusoidal,EpiEstim,25,10
10,2.5117553573229634e-65,Sinusoidal,EpiEstim,25,10
11,5.915641266179811e-72,Sinusoidal,EpiEstim,25,10
12,3.747505692678264e-76,Sinusoidal,EpiEstim,25,10
13,1.0548055312695681e-78,Sinusoidal,EpiEstim,25,10
14,1.1054581239891806e-79,Sinusoidal,EpiEstim,25,10
15,1.2980112734379614e-78,Sinusoidal,EpiEstim,25,10
16,2.0043877033219556e-76,Sinusoidal,EpiEstim,25,10
17,1.7725890117635984e-72,Sinusoidal,EpiEstim,25,10
18,4.244939432118948e-68,Sinusoidal,EpiEstim,25,10
19,3.895361880517942e-63,Sinusoidal,EpiEstim,25,10
20,1.3323790570304579e-57,Sinusoidal,EpiEstim,25,10
21,7.488630616885619e-53,Sinusoidal,EpiEstim,25,10
22,1.88794581484362e-48,Sinusoidal,EpiEstim,25,10
23,3.4090905062449214e-45,Sinusoidal,EpiEstim,25,10
24,3.8552837375596774e-43,Sinusoidal,EpiEstim,25,10
25,5.888827334820678e-42,Sinusoidal,EpiEstim,25,10
26,3.1596495443993795e-42,Sinusoidal,EpiEstim,25,10
27,2.471825364767974e-43,Sinusoidal,EpiEstim,25,10
28,1.2428180985337885e-44,Sinusoidal,EpiEstim,25,10
29,1.1364999470418818e-46,Sinusoidal,EpiEstim,25,10
30,6.43048778878611e-49,Sinusoidal,EpiEstim,25,10
1,4.419283277098766e-75,Sinusoidal,EpiEstim,50,10
2,0.9999997993106781,Sinusoidal,EpiEstim,50,10
3,2.0068932205547307e-7,Sinusoidal,EpiEstim,50,10
4,2.0460452858996422e-22,Sinusoidal,EpiEstim,50,10
5,9.287029360433475e-42,Sinusoidal,EpiEstim,50,10
6,3.778306942159339e-61,Sinusoidal,EpiEstim,50,10
7,5.2544873522487794e-83,Sinusoidal,EpiEstim,50,10
8,6.336746364895069e-103,Sinusoidal,EpiEstim,50,10
9,4.0270077250684575e-122,Sinusoidal,EpiEstim,50,10
10,5.96156277116581e-139,Sinusoidal,EpiEstim,50,10
11,5.052203730941665e-154,Sinusoidal,EpiEstim,50,10
12,6.374668495261504e-165,Sinusoidal,EpiEstim,50,10
13,1.8460575745318799e-172,Sinusoidal,EpiEstim,50,10
14,1.6070707513662125e-175,Sinusoidal,EpiEstim,50,10
15,7.954785050596301e-175,Sinusoidal,EpiEstim,50,10
16,1.1070065371245992e-170,Sinusoidal,EpiEstim,50,10
17,5.177913110381694e-164,Sinusoidal,EpiEstim,50,10
18,4.98747729845402e-156,Sinusoidal,EpiEstim,50,10
19,1.638233251444076e-145,Sinusoidal,EpiEstim,50,10
20,2.0067234410040654e-134,Sinusoidal,EpiEstim,50,10
21,1.5276579782036696e-123,Sinusoidal,EpiEstim,50,10
22,8.614475723877917e-114,Sinusoidal,EpiEstim,50,10
23,1.2353691802074792e-105,Sinusoidal,EpiEstim,50,10
24,7.128001336435914e-100,Sinusoidal,EpiEstim,50,10
25,7.573008769890726e-97,Sinusoidal,EpiEstim,50,10
26,6.8178820014153895e-96,Sinusoidal,EpiEstim,50,10
27,1.9019261407164867e-97,Sinusoidal,EpiEstim,50,10
28,3.09057524337837e-100,Sinusoidal,EpiEstim,50,10
29,1.1298363923201708e-104,Sinusoidal,EpiEstim,50,10
30,2.7682675328314232e-109,Sinusoidal,EpiEstim,50,10
1,1.638675305156227e-86,Sinusoidal,EpiEstim,100,10
2,1.0,Sinusoidal,EpiEstim,100,10
3,2.922369088976661e-17,Sinusoidal,EpiEstim,100,10
4,1.0441603334540796e-45,Sinusoidal,EpiEstim,100,10
5,1.0109250833819195e-80,Sinusoidal,EpiEstim,100,10
6,2.0132251122314354e-120,Sinusoidal,EpiEstim,100,10
7,2.6599385311018616e-162,Sinusoidal,EpiEstim,100,10
8,2.6532048960517138e-204,Sinusoidal,EpiEstim,100,10
9,2.4007448561479907e-243,Sinusoidal,EpiEstim,100,10
10,1.6781227007347127e-277,Sinusoidal,EpiEstim,100,10
11,5.058824682049219e-306,Sinusoidal,EpiEstim,100,10
12,0.0,Sinusoidal,EpiEstim,100,10
13,0.0,Sinusoidal,EpiEstim,100,10
14,0.0,Sinusoidal,EpiEstim,100,10
15,0.0,Sinusoidal,EpiEstim,100,10
16,0.0,Sinusoidal,EpiEstim,100,10
17,0.0,Sinusoidal,EpiEstim,100,10
18,7.489224956e-314,Sinusoidal,EpiEstim,100,10
19,1.1881794453539673e-293,Sinusoidal,EpiEstim,100,10
20,2.597172125719144e-272,Sinusoidal,EpiEstim,100,10
21,1.5369024821298954e-250,Sinusoidal,EpiEstim,100,10
22,2.1134510017528973e-231,Sinusoidal,EpiEstim,100,10
23,1.0702539767847394e-215,Sinusoidal,EpiEstim,100,10
24,3.840838894588102e-204,Sinusoidal,EpiEstim,100,10
25,9.42528494185108e-197,Sinusoidal,EpiEstim,100,10
26,6.21420394829308e-194,Sinusoidal,EpiEstim,100,10
27,4.07039377565973e-195,Sinusoidal,EpiEstim,100,10
28,3.317019466360753e-200,Sinusoidal,EpiEstim,100,10
29,7.268177864645478e-208,Sinusoidal,EpiEstim,100,10
30,2.431825020855057e-217,Sinusoidal,EpiEstim,100,10
1,1.0955546445117559e-84,Sinusoidal,EpiEstim,200,10
2,1.0,Sinusoidal,EpiEstim,200,10
3,2.3843389615347536e-44,Sinusoidal,EpiEstim,200,10
4,7.766610785831178e-110,Sinusoidal,EpiEstim,200,10
5,9.489508853024345e-194,Sinusoidal,EpiEstim,200,10
6,1.6283225614654108e-286,Sinusoidal,EpiEstim,200,10
7,0.0,Sinusoidal,EpiEstim,200,10
8,0.0,Sinusoidal,EpiEstim,200,10
9,0.0,Sinusoidal,EpiEstim,200,10
10,0.0,Sinusoidal,EpiEstim,200,10
11,0.0,Sinusoidal,EpiEstim,200,10
12,0.0,Sinusoidal,EpiEstim,200,10
13,0.0,Sinusoidal,EpiEstim,200,10
14,0.0,Sinusoidal,EpiEstim,200,10
15,0.0,Sinusoidal,EpiEstim,200,10
16,0.0,Sinusoidal,EpiEstim,200,10
17,0.0,Sinusoidal,EpiEstim,200,10
18,0.0,Sinusoidal,EpiEstim,200,10
19,0.0,Sinusoidal,EpiEstim,200,10
20,0.0,Sinusoidal,EpiEstim,200,10
21,0.0,Sinusoidal,EpiEstim,200,10
22,0.0,Sinusoidal,EpiEstim,200,10
23,0.0,Sinusoidal,EpiEstim,200,10
24,0.0,Sinusoidal,EpiEstim,200,10
25,0.0,Sinusoidal,EpiEstim,200,10
26,0.0,Sinusoidal,EpiEstim,200,10
27,0.0,Sinusoidal,EpiEstim,200,10
28,0.0,Sinusoidal,EpiEstim,200,10
29,0.0,Sinusoidal,EpiEstim,200,10
30,0.0,Sinusoidal,EpiEstim,200,10
1,7.701586124718985e-66,Sinusoidal,EpiEstim,400,10
2,1.0,Sinusoidal,EpiEstim,400,10
3,7.432258310803828e-89,Sinusoidal,EpiEstim,400,10
4,3.3906801789699804e-223,Sinusoidal,EpiEstim,400,10
5,0.0,Sinusoidal,EpiEstim,400,10
6,0.0,Sinusoidal,EpiEstim,400,10
7,0.0,Sinusoidal,EpiEstim,400,10
8,0.0,Sinusoidal,EpiEstim,400,10
9,0.0,Sinusoidal,EpiEstim,400,10
10,0.0,Sinusoidal,EpiEstim,400,10
11,0.0,Sinusoidal,EpiEstim,400,10
12,0.0,Sinusoidal,EpiEstim,400,10
13,0.0,Sinusoidal,EpiEstim,400,10
14,0.0,Sinusoidal,EpiEstim,400,10
15,0.0,Sinusoidal,EpiEstim,400,10
16,0.0,Sinusoidal,EpiEstim,400,10
17,0.0,Sinusoidal,EpiEstim,400,10
18,0.0,Sinusoidal,EpiEstim,400,10
19,0.0,Sinusoidal,EpiEstim,400,10
20,0.0,Sinusoidal,EpiEstim,400,10
21,0.0,Sinusoidal,EpiEstim,400,10
22,0.0,Sinusoidal,EpiEstim,400,10
23,0.0,Sinusoidal,EpiEstim,400,10
24,0.0,Sinusoidal,EpiEstim,400,10
25,0.0,Sinusoidal,EpiEstim,400,10
26,0.0,Sinusoidal,EpiEstim,400,10
27,0.0,Sinusoidal,EpiEstim,400,10
28,0.0,Sinusoidal,EpiEstim,400,10
29,0.0,Sinusoidal,EpiEstim,400,10
30,0.0,Sinusoidal,EpiEstim,400,10
1,1.2037427565903015e-30,Sinusoidal,EpiEstim,800,10
2,1.0,Sinusoidal,EpiEstim,800,10
3,2.8006826270126106e-189,Sinusoidal,EpiEstim,800,10
4,0.0,Sinusoidal,EpiEstim,800,10
5,0.0,Sinusoidal,EpiEstim,800,10
6,0.0,Sinusoidal,EpiEstim,800,10
7,0.0,Sinusoidal,EpiEstim,800,10
8,0.0,Sinusoidal,EpiEstim,800,10
9,0.0,Sinusoidal,EpiEstim,800,10
10,0.0,Sinusoidal,EpiEstim,800,10
11,0.0,Sinusoidal,EpiEstim,800,10
12,0.0,Sinusoidal,EpiEstim,800,10
13,0.0,Sinusoidal,EpiEstim,800,10
14,0.0,Sinusoidal,EpiEstim,800,10
15,0.0,Sinusoidal,EpiEstim,800,10
16,0.0,Sinusoidal,EpiEstim,800,10
17,0.0,Sinusoidal,EpiEstim,800,10
18,0.0,Sinusoidal,EpiEstim,800,10
19,0.0,Sinusoidal,EpiEstim,800,10
20,0.0,Sinusoidal,EpiEstim,800,10
21,0.0,Sinusoidal,EpiEstim,800,10
22,0.0,Sinusoidal,EpiEstim,800,10
23,0.0,Sinusoidal,EpiEstim,800,10
24,0.0,Sinusoidal,EpiEstim,800,10
25,0.0,Sinusoidal,EpiEstim,800,10
26,0.0,Sinusoidal,EpiEstim,800,10
27,0.0,Sinusoidal,EpiEstim,800,10
28,0.0,Sinusoidal,EpiEstim,800,10
29,0.0,Sinusoidal,EpiEstim,800,10
30,0.0,Sinusoidal,EpiEstim,800,10
1,1.0,Sinusoidal,EpiEstim,1600,10
2,7.506753862661719e-58,Sinusoidal,EpiEstim,1600,10
3,0.0,Sinusoidal,EpiEstim,1600,10
4,0.0,Sinusoidal,EpiEstim,1600,10
5,0.0,Sinusoidal,EpiEstim,1600,10
6,0.0,Sinusoidal,EpiEstim,1600,10
7,0.0,Sinusoidal,EpiEstim,1600,10
8,0.0,Sinusoidal,EpiEstim,1600,10
9,0.0,Sinusoidal,EpiEstim,1600,10
10,0.0,Sinusoidal,EpiEstim,1600,10
11,0.0,Sinusoidal,EpiEstim,1600,10
12,0.0,Sinusoidal,EpiEstim,1600,10
13,0.0,Sinusoidal,EpiEstim,1600,10
14,0.0,Sinusoidal,EpiEstim,1600,10
15,0.0,Sinusoidal,EpiEstim,1600,10
16,0.0,Sinusoidal,EpiEstim,1600,10
17,0.0,Sinusoidal,EpiEstim,1600,10
18,0.0,Sinusoidal,EpiEstim,1600,10
19,0.0,Sinusoidal,EpiEstim,1600,10
20,0.0,Sinusoidal,EpiEstim,1600,10
21,0.0,Sinusoidal,EpiEstim,1600,10
22,0.0,Sinusoidal,EpiEstim,1600,10
23,0.0,Sinusoidal,EpiEstim,1600,10
24,0.0,Sinusoidal,EpiEstim,1600,10
25,0.0,Sinusoidal,EpiEstim,1600,10
26,0.0,Sinusoidal,EpiEstim,1600,10
27,0.0,Sinusoidal,EpiEstim,1600,10
28,0.0,Sinusoidal,EpiEstim,1600,10
29,0.0,Sinusoidal,EpiEstim,1600,10
30,0.0,Sinusoidal,EpiEstim,1600,10
1,1.0,Sinusoidal,EpiEstim,3200,10
2,2.427601629126509e-243,Sinusoidal,EpiEstim,3200,10
3,0.0,Sinusoidal,EpiEstim,3200,10
4,0.0,Sinusoidal,EpiEstim,3200,10
5,0.0,Sinusoidal,EpiEstim,3200,10
6,0.0,Sinusoidal,EpiEstim,3200,10
7,0.0,Sinusoidal,EpiEstim,3200,10
8,0.0,Sinusoidal,EpiEstim,3200,10
9,0.0,Sinusoidal,EpiEstim,3200,10
10,0.0,Sinusoidal,EpiEstim,3200,10
11,0.0,Sinusoidal,EpiEstim,3200,10
12,0.0,Sinusoidal,EpiEstim,3200,10
13,0.0,Sinusoidal,EpiEstim,3200,10
14,0.0,Sinusoidal,EpiEstim,3200,10
15,0.0,Sinusoidal,EpiEstim,3200,10
16,0.0,Sinusoidal,EpiEstim,3200,10
17,0.0,Sinusoidal,EpiEstim,3200,10
18,0.0,Sinusoidal,EpiEstim,3200,10
19,0.0,Sinusoidal,EpiEstim,3200,10
20,0.0,Sinusoidal,EpiEstim,3200,10
21,0.0,Sinusoidal,EpiEstim,3200,10
22,0.0,Sinusoidal,EpiEstim,3200,10
23,0.0,Sinusoidal,EpiEstim,3200,10
24,0.0,Sinusoidal,EpiEstim,3200,10
25,0.0,Sinusoidal,EpiEstim,3200,10
26,0.0,Sinusoidal,EpiEstim,3200,10
27,0.0,Sinusoidal,EpiEstim,3200,10
28,0.0,Sinusoidal,EpiEstim,3200,10
29,0.0,Sinusoidal,EpiEstim,3200,10
30,0.0,Sinusoidal,EpiEstim,3200,10
